Order Number,Order Charged Date,Order Charged Timestamp,Financial Status,Device Model,Product Title,Product ID,Product Type,SKU ID,Currency of Sale,Item Price,Taxes Collected,Charged Amount,City of Buyer,State of Buyer,Postal Code of Buyer,Country of Buyer
GPA.3367-2272-8698-45375,2021-04-01,1617248769,Charged,beyond2,remove ads sale (Scanner App - PDF Scanner Apps For Free),com.scannerapp.pdfscanner.documentscaner.docscannerappforandroid,inapp,removeadsale,ILS,8.50,0.00,8.50,,,,IL
GPA.3358-4956-7777-61320,2021-04-01,1617250366,Charged,a5y17ltecan,remove ads sale (Scanner App - PDF Scanner Apps For Free),com.scannerapp.pdfscanner.documentscaner.docscannerappforandroid,inapp,removeadsale,CAD,3.19,0.32,3.51,Montréal,QC,H2E 2M3,CA
GPA.3301-1159-3015-40461,2021-04-01,1617252431,Charged,r8s,remove ads sale (Scanner App - PDF Scanner Apps For Free),com.scannerapp.pdfscanner.documentscaner.docscannerappforandroid,inapp,removeadsale,HRK,16.00,4.00,20.00,,,,HR
GPA.3314-4238-2347-35722,2021-04-01,1617274280,Charged,p3s,"Remove all Ads forever (Currency exchange, Rate exchange & Money exchange)",currency.currencyconverter.currencyexchangeapp,inapp,iapremoveads,KRW,"3,273.00",327.00,"3,600.00",서초구,서울특별시,137-060,KR
GPA.3313-4588-8152-87351,2021-04-01,1617278393,Charged,HWMAR,Remove all ads (PDF Converter: Photo To PDF - PDF Maker),com.pdfconverter.imagetopdf.jpgtopdf.pdfconverterforandroid,inapp,removeads,EUR,2.47,0.52,2.99,,,,BE
GPA.3381-3960-7065-11135,2021-04-01,1617280889,Charged,namath,remove all ads forever (PDF Reader - PDF Viewer For Android Free),com.pdfreader.pdfeditor.pdfreadeforandroid.pdfeditorforandroidfree,inapp,removeads,CLP,"1,933.00",367.00,"2,300.00",,,,CL
GPA.3360-2541-7730-61254,2021-04-01,1617284987,Charged,lima,Remove all ads (PDF Converter: Photo To PDF - PDF Maker),com.pdfconverter.imagetopdf.jpgtopdf.pdfconverterforandroid,inapp,removeads,BRL,16.99,0.00,16.99,João Monlevade,MG,35930282,BR
GPA.3394-7410-1077-36505,2021-04-01,1617290214,Charged,2023,remove all ads forever (PDF Reader - PDF Viewer For Android Free),com.pdfreader.pdfeditor.pdfreadeforandroid.pdfeditorforandroidfree,inapp,removeads,USD,2.49,0.00,2.49,ลอสแอนเจลิส,CA,90012,US
GPA.3343-0175-3578-61588,2021-04-01,1617293547,Charged,p3s,remove all ads forever (PDF Reader - PDF Viewer For Android Free),com.pdfreader.pdfeditor.pdfreadeforandroid.pdfeditorforandroidfree,inapp,removeads,MXN,42.24,6.76,49.00,GARZA GARCIA,N.L.,66220,MX
GPA.3374-7585-2896-38973,2021-04-01,1617295159,Charged,OnePlus7TProNR,"Remove all Ads forever (Currency exchange, Rate exchange & Money exchange)",currency.currencyconverter.currencyexchangeapp,inapp,iapremoveads,USD,2.99,0.00,2.99,Rancho Mirage,CA,92270,US
GPA.3372-6913-3966-75778,2021-04-01,1617297269,Charged,odessa,remove ads sale (Scanner App - PDF Scanner Apps For Free),com.scannerapp.pdfscanner.documentscaner.docscannerappforandroid,inapp,removeadsale,BRL,13.99,0.00,13.99,Belo Horizonte,MG,31030072,BR
GPA.3349-4475-4744-80409,2021-04-01,1617298097,Charged,HWEVR,remove ads sale (Scanner App - PDF Scanner Apps For Free),com.scannerapp.pdfscanner.documentscaner.docscannerappforandroid,inapp,removeadsale,EUR,2.14,0.45,2.59,,,,ES
GPA.3315-8758-9008-41806,2021-04-01,1617298327,Charged,HWEVR,remove all ads forever (PDF Reader - PDF Viewer For Android Free),com.pdfreader.pdfeditor.pdfreadeforandroid.pdfeditorforandroidfree,inapp,removeads,EUR,2.06,0.43,2.49,,,,ES
GPA.3320-3621-9696-65057,2021-04-01,1617321269,Charged,a3xelte,remove all ads forever (PDF Reader - PDF Viewer For Android Free),com.pdfreader.pdfeditor.pdfreadeforandroid.pdfeditorforandroidfree,inapp,removeads,EUR,2.06,0.43,2.49,,,,ES
GPA.3359-5282-2842-76068,2021-04-02,1617345136,Charged,joyeuse,remove all ads forever (PDF Reader - PDF Viewer For Android Free),com.pdfreader.pdfeditor.pdfreadeforandroid.pdfeditorforandroidfree,inapp,removeads,MXN,42.24,6.76,49.00,,,37910,MX
GPA.3395-7594-4696-03789,2021-04-02,1617360675,Charged,a50,removeads (Pro Compass - Free Compass - Easy Compass),com.compass.compassapp.compassfree,inapp,removeads,EUR,2.47,0.52,2.99,,,,BE
GPA.3361-5018-2072-88470,2021-04-02,1617363029,Charged,star2lte,remove ads sale (Scanner App - PDF Scanner Apps For Free),com.scannerapp.pdfscanner.documentscaner.docscannerappforandroid,inapp,removeadsale,EUR,2.16,0.43,2.59,,,,FR
GPA.3356-6318-9521-75813,2021-04-02,1617374476,Charged,c2q,removeads (Pro Compass - Free Compass - Easy Compass),com.compass.compassapp.compassfree,inapp,removeads,KRW,"3,364.00",336.00,"3,700.00",마포구,서울특별시,03991,KR
GPA.3385-5588-2163-77662,2021-04-02,1617374625,Charged,a01core,remove all ads forever (PDF Reader - PDF Viewer For Android Free),com.pdfreader.pdfeditor.pdfreadeforandroid.pdfeditorforandroidfree,inapp,removeads,MXN,42.24,6.76,49.00,,,41351,MX
GPA.3355-5578-2894-79205,2021-04-02,1617381630,Charged,CatS52,removeads (Pro Compass - Free Compass - Easy Compass),com.compass.compassapp.compassfree,inapp,removeads,EUR,2.51,0.48,2.99,,,,DE
GPA.3308-7397-0933-30600,2021-04-02,1617385986,Charged,XQ-AU52,Remove all anoying ads (Notes - Notepad - Notes App for Android),owl.notes.notepad.notesappforandroid.notepadappforandroidfree,inapp,iapremoveadssale,GBP,2.33,0.46,2.79,,,,GB
GPA.3343-6459-2095-95307,2021-04-02,1617393043,Charged,lake_n,remove ads sale (Scanner App - PDF Scanner Apps For Free),com.scannerapp.pdfscanner.documentscaner.docscannerappforandroid,inapp,removeadsale,BRL,13.99,0.00,13.99,Florianópolis,SC,89031-200,BR
GPA.3324-0642-7453-26017,2021-04-02,1617406461,Charged,SH-53A,removeads (Pro Compass - Free Compass - Easy Compass),com.compass.compassapp.compassfree,inapp,removeads,JPY,310.00,0.00,310.00,,,8115532,JP
GPA.3349-0299-3007-48882,2021-04-03,1617417006,Charged,joyeuse,removeads (Pro Compass - Free Compass - Easy Compass),com.compass.compassapp.compassfree,inapp,removeads,THB,90.00,0.00,90.00,Meung,เชียงใหม่,50200,TH
GPA.3369-8986-7258-98829,2021-04-03,1617429755,Charged,p3s,remove all ads forever (PDF Reader - PDF Viewer For Android Free),com.pdfreader.pdfeditor.pdfreadeforandroid.pdfeditorforandroidfree,inapp,removeads,ILS,8.40,0.00,8.40,deer haha,,18157,IL
GPA.3304-5608-5027-58634,2021-04-03,1617435466,Charged,SH-01K,removeads (Pro Compass - Free Compass - Easy Compass),com.compass.compassapp.compassfree,inapp,removeads,JPY,310.00,0.00,310.00,,,9012223,JP
GPA.3322-9170-0413-03702,2021-04-03,1617459716,Charged,laurel_sprout,Remove all ads (PDF Converter: Photo To PDF - PDF Maker),com.pdfconverter.imagetopdf.jpgtopdf.pdfconverterforandroid,inapp,removeads,BRL,16.99,0.00,16.99,Petrolina,PE,56326150,BR
GPA.3351-5291-9056-65234,2021-04-03,1617479717,Charged,beryllium,remove ads sale (Scanner App - PDF Scanner Apps For Free),com.scannerapp.pdfscanner.documentscaner.docscannerappforandroid,inapp,removeadsale,EUR,2.09,0.40,2.49,,,,DE
GPA.3346-8758-2147-39725,2021-04-03,1617487510,Charged,P671F20,remove all ads forever (PDF Reader - PDF Viewer For Android Free),com.pdfreader.pdfeditor.pdfreadeforandroid.pdfeditorforandroidfree,inapp,removeads,MXN,42.24,6.76,49.00,Ciudad de México,CDMX,14400,MX
GPA.3388-3879-2873-98540,2021-04-04,1617505892,Charged,j6primelte,Remove all ads (PDF Converter: Photo To PDF - PDF Maker),com.pdfconverter.imagetopdf.jpgtopdf.pdfconverterforandroid,inapp,removeads,EUR,2.47,0.52,2.99,,,,ES
GPA.3339-0167-4316-36568,2021-04-04,1617508178,Charged,SOG01,Remove all ads (PDF Converter: Photo To PDF - PDF Maker),com.pdfconverter.imagetopdf.jpgtopdf.pdfconverterforandroid,inapp,removeads,JPY,320.00,0.00,320.00,,,2790046,JP
GPA.3398-1870-0504-33239,2021-04-04,1617510962,Charged,G8441,remove ads sale (Scanner App - PDF Scanner Apps For Free),com.scannerapp.pdfscanner.documentscaner.docscannerappforandroid,inapp,removeadsale,HKD,19.90,0.00,19.90,,-,,HK
GPA.3320-2625-7460-67251,2021-04-04,1617511095,Charged,dreamlte,remove all ads forever (PDF Reader - PDF Viewer For Android Free),com.pdfreader.pdfeditor.pdfreadeforandroid.pdfeditorforandroidfree,inapp,removeads,SGD,3.26,0.23,3.49,,,542266,SG
GPA.3398-5080-0313-62423,2021-04-04,1617514021,Charged,apollo,remove all ads forever (PDF Reader - PDF Viewer For Android Free),com.pdfreader.pdfeditor.pdfreadeforandroid.pdfeditorforandroidfree,inapp,removeads,MXN,42.24,6.76,49.00,Tlaxcala,TLAX.,90100,MX
GPA.3301-5930-1039-65777,2021-04-04,1617531248,Charged,902SO,removeads (Pro Compass - Free Compass - Easy Compass),com.compass.compassapp.compassfree,inapp,removeads,JPY,310.00,0.00,310.00,,,190-0012,JP
GPA.3325-1526-3100-98099,2021-04-04,1617537909,Charged,r8q,remove ads sale (Scanner App - PDF Scanner Apps For Free),com.scannerapp.pdfscanner.documentscaner.docscannerappforandroid,inapp,removeadsale,EUR,2.09,0.40,2.49,,,,DE
GPA.3346-6737-0638-49129,2021-04-04,1617544057,Charged,p3s,remove all ads forever (PDF Reader - PDF Viewer For Android Free),com.pdfreader.pdfeditor.pdfreadeforandroid.pdfeditorforandroidfree,inapp,removeads,EUR,2.06,0.43,2.49,,,,ES
GPA.3305-0606-0705-19240,2021-04-05,1617586014,Charged,SH-M12,removeads (Pro Compass - Free Compass - Easy Compass),com.compass.compassapp.compassfree,inapp,removeads,JPY,310.00,0.00,310.00,,,9690401,JP
GPA.3343-8103-1239-98178,2021-04-05,1617588901,Charged,a12,removeads (Pro Compass - Free Compass - Easy Compass),com.compass.compassapp.compassfree,inapp,removeads,AUD,3.90,0.39,4.29,,,5114,AU
GPA.3343-7236-3810-79025,2021-04-05,1617596585,Charged,NX659J,Remove all ads (PDF Converter: Photo To PDF - PDF Maker),com.pdfconverter.imagetopdf.jpgtopdf.pdfconverterforandroid,inapp,removeads,JPY,320.00,0.00,320.00,,,4470065,JP
GPA.3375-7881-8030-39102,2021-04-05,1617598355,Charged,TECNO-KA7-GO,removeads (Pro Compass - Free Compass - Easy Compass),com.compass.compassapp.compassfree,inapp,removeads,GHS,15.00,2.62,17.62,Accra,,,GH
GPA.3319-8489-6360-03293,2021-04-05,1617607925,Charged,z3s,removeads (Pro Compass - Free Compass - Easy Compass),com.compass.compassapp.compassfree,inapp,removeads,EUR,2.51,0.48,2.99,,,,DE
GPA.3325-0730-7398-78803,2021-04-05,1617614197,Charged,a51,remove all ads forever (PDF Reader - PDF Viewer For Android Free),com.pdfreader.pdfeditor.pdfreadeforandroid.pdfeditorforandroidfree,inapp,removeads,USD,2.37,0.12,2.49,العكر الغربي,,973,BH
GPA.3303-0950-3900-33071,2021-04-05,1617616618,Charged,d2x,removeads (Pro Compass - Free Compass - Easy Compass),com.compass.compassapp.compassfree,inapp,removeads,AUD,3.90,0.39,4.29,Launceston,TAS,7250,AU
GPA.3372-7094-9580-75847,2021-04-05,1617619725,Charged,OP4F25L1,Remove all ads (Scanner App - PDF Scanner Apps For Free),com.scannerapp.pdfscanner.documentscaner.docscannerappforandroid,inapp,removeads,KES,300.00,0.00,300.00,Runyenjes,,60103,KE
GPA.3308-8543-4014-42240,2021-04-05,1617629082,Charged,d1,remove ads sale (Scanner App - PDF Scanner Apps For Free),com.scannerapp.pdfscanner.documentscaner.docscannerappforandroid,inapp,removeadsale,INR,186.44,33.56,220.00,New Mumbai,Maharashtra,410209,IN
GPA.3350-2264-6233-65057,2021-04-05,1617630176,Charged,m31,remove ads sale (Scanner App - PDF Scanner Apps For Free),com.scannerapp.pdfscanner.documentscaner.docscannerappforandroid,inapp,removeadsale,BRL,13.99,0.00,13.99,Fortaleza,CE,60135-472,BR
GPA.3390-7939-9683-38998,2021-04-05,1617638776,Charged,d2q,remove all ads forever (PDF Reader - PDF Viewer For Android Free),com.pdfreader.pdfeditor.pdfreadeforandroid.pdfeditorforandroidfree,inapp,removeads,TWD,72.00,4.00,76.00,,,33845,TW
GPA.3319-5404-8774-59370,2021-04-05,1617639810,Charged,gta4xl,"Remove all Ads forever (Currency exchange, Rate exchange & Money exchange)",currency.currencyconverter.currencyexchangeapp,inapp,iapremoveads,THB,90.00,0.00,90.00,,,10110,TH
GPA.3398-3180-1776-62611,2021-04-05,1617652477,Charged,HWSTK-HF,remove ads sale (Scanner App - PDF Scanner Apps For Free),com.scannerapp.pdfscanner.documentscaner.docscannerappforandroid,inapp,removeadsale,COP,"9,500.00",0.00,"9,500.00",El Retiro,ANTIOQUIA,055437,CO
GPA.3395-4919-5327-57052,2021-04-05,1617658459,Charged,crownlte,removeads (Pro Compass - Free Compass - Easy Compass),com.compass.compassapp.compassfree,inapp,removeads,CAD,3.79,0.04,3.83,Fort Mcmurray,AB,T9k 0s5,CA
GPA.3399-3714-9819-52729,2021-04-06,1617669450,Charged,a30,remove ads sale (Scanner App - PDF Scanner Apps For Free),com.scannerapp.pdfscanner.documentscaner.docscannerappforandroid,inapp,removeadsale,BRL,13.99,0.00,13.99,Manaus,AM,69077480,BR
GPA.3333-5081-3673-82547,2021-04-06,1617672373,Charged,ASUS_A001D_2,remove ads sale (Scanner App - PDF Scanner Apps For Free),com.scannerapp.pdfscanner.documentscaner.docscannerappforandroid,inapp,removeadsale,BRL,13.99,0.00,13.99,Moji-Mirim,SP,13803048,BR
GPA.3313-7473-2223-65184,2021-04-06,1617680407,Charged,dandelion,"Remove all Ads forever (Currency exchange, Rate exchange & Money exchange)",currency.currencyconverter.currencyexchangeapp,inapp,iapremoveads,HRK,18.40,4.60,23.00,,,,HR
GPA.3350-6472-2874-86796,2021-04-06,1617682108,Charged,channel,Remove all ads (PDF Converter: Photo To PDF - PDF Maker),com.pdfconverter.imagetopdf.jpgtopdf.pdfconverterforandroid,inapp,removeads,MXN,56.03,8.97,65.00,,,11480,MX
GPA.3316-7563-4160-23083,2021-04-06,1617699849,Charged,SO-01K,Remove all ads (PDF Converter: Photo To PDF - PDF Maker),com.pdfconverter.imagetopdf.jpgtopdf.pdfconverterforandroid,inapp,removeads,JPY,320.00,0.00,320.00,Ikoma-gun,奈良県,636-0815,JP
GPA.3362-9413-7512-70044,2021-04-06,1617709672,Charged,j6lte,removeads (Pro Compass - Free Compass - Easy Compass),com.compass.compassapp.compassfree,inapp,removeads,EUR,2.49,0.50,2.99,,,,FR
GPA.3303-7945-2269-80344,2021-04-06,1617713525,Charged,a21s,remove ads sale (Scanner App - PDF Scanner Apps For Free),com.scannerapp.pdfscanner.documentscaner.docscannerappforandroid,inapp,removeadsale,BRL,13.99,0.00,13.99,Belo Horizonte,MG,31170-710,BR
GPA.3318-2599-6700-10080,2021-04-06,1617714117,Charged,c2s,remove all ads forever (PDF Reader - PDF Viewer For Android Free),com.pdfreader.pdfeditor.pdfreadeforandroid.pdfeditorforandroidfree,inapp,removeads,KES,300.00,0.00,300.00,,,00100,KE
GPA.3316-0143-8414-03925,2021-04-06,1617714248,Charged,c1s,remove ads sale (Scanner App - PDF Scanner Apps For Free),com.scannerapp.pdfscanner.documentscaner.docscannerappforandroid,inapp,removeadsale,PHP,125.00,0.00,125.00,,,6000,PH
GPA.3368-8836-2101-44803,2021-04-06,1617714307,Charged,beyond2,remove ads sale (Scanner App - PDF Scanner Apps For Free),com.scannerapp.pdfscanner.documentscaner.docscannerappforandroid,inapp,removeadsale,EUR,2.09,0.40,2.49,,,,DE
GPA.3340-3481-9287-67703,2021-04-06,1617718028,Charged,r5q,remove ads sale (Scanner App - PDF Scanner Apps For Free),com.scannerapp.pdfscanner.documentscaner.docscannerappforandroid,inapp,removeadsale,BRL,13.99,0.00,13.99,Itaguaí,RJ,23830250,BR
GPA.3331-6345-7621-64257,2021-04-06,1617723794,Charged,a70q,remove ads sale (Scanner App - PDF Scanner Apps For Free),com.scannerapp.pdfscanner.documentscaner.docscannerappforandroid,inapp,removeadsale,IDR,"36,000.00","3,600.00","39,600.00",Surabaya,JAWA TIMUR,,ID
GPA.3355-0773-6980-06289,2021-04-06,1617740931,Charged,m11q,removeads (Pro Compass - Free Compass - Easy Compass),com.compass.compassapp.compassfree,inapp,removeads,EUR,2.49,0.50,2.99,,,,FR
GPA.3378-9178-4764-31299,2021-04-07,1617761430,Charged,d1,remove ads sale (Scanner App - PDF Scanner Apps For Free),com.scannerapp.pdfscanner.documentscaner.docscannerappforandroid,inapp,removeadsale,BRL,13.99,0.00,13.99,Curitiba,PR,81010-410,BR
GPA.3326-9075-1023-28750,2021-04-07,1617764674,Charged,cv7a,removeads (Pro Compass - Free Compass - Easy Compass),com.compass.compassapp.compassfree,inapp,removeads,USD,2.99,0.00,2.99,LOS ANGELES,CA,91605,US
GPA.3354-0686-7031-16393,2021-04-07,1617774988,Charged,star2qltecs,removeads (Pro Compass - Free Compass - Easy Compass),com.compass.compassapp.compassfree,inapp,removeads,CAD,3.79,0.27,4.06,SURREY,BC,V3W 3N5,CA
GPA.3322-9926-2946-76307,2021-04-07,1617777571,Charged,beyond2,removeads (Pro Compass - Free Compass - Easy Compass),com.compass.compassapp.compassfree,inapp,removeads,AUD,3.90,0.39,4.29,,,3125,AU
GPA.3346-2017-8605-73099,2021-04-07,1617790291,Charged,merlin,remove ads sale (Scanner App - PDF Scanner Apps For Free),com.scannerapp.pdfscanner.documentscaner.docscannerappforandroid,inapp,removeadsale,EUR,2.16,0.43,2.59,,,,FR
GPA.3396-2016-7944-79327,2021-04-07,1617802904,Charged,beyond1,remove ads sale (Scanner App - PDF Scanner Apps For Free),com.scannerapp.pdfscanner.documentscaner.docscannerappforandroid,inapp,removeadsale,THB,78.00,0.00,78.00,ไทย,กรุงเทพมหานคร,10150,TH
GPA.3388-4777-8280-26528,2021-04-07,1617825281,Charged,starlte,remove ads sale (Scanner App - PDF Scanner Apps For Free),com.scannerapp.pdfscanner.documentscaner.docscannerappforandroid,inapp,removeadsale,SAR,9.56,1.43,10.99,,,23815,SA
GPA.3398-2341-1223-83015,2021-04-07,1617828483,Charged,sargo,remove all ads forever (PDF Reader - PDF Viewer For Android Free),com.pdfreader.pdfeditor.pdfreadeforandroid.pdfeditorforandroidfree,inapp,removeads,EUR,2.01,0.38,2.39,,,,DE
GPA.3341-0767-7048-21181,2021-04-08,1617842608,Charged,dreamlte,remove ads sale (Scanner App - PDF Scanner Apps For Free),com.scannerapp.pdfscanner.documentscaner.docscannerappforandroid,inapp,removeadsale,EUR,2.14,0.45,2.59,,,,ES
GPA.3357-1787-6989-17327,2021-04-08,1617848013,Charged,OP4C51L1,remove ads sale (Scanner App - PDF Scanner Apps For Free),com.scannerapp.pdfscanner.documentscaner.docscannerappforandroid,inapp,removeadsale,MYR,10.37,0.62,10.99,Kulim Kedah Darul Aman,KEDAH,09000,MY
GPA.3327-2920-5029-36129,2021-04-08,1617855611,Charged,surya,remove ads sale (Scanner App - PDF Scanner Apps For Free),com.scannerapp.pdfscanner.documentscaner.docscannerappforandroid,inapp,removeadsale,CLP,"1,849.00",351.00,"2,200.00",Coronel,Biobío,4100000,CL
GPA.3363-8804-7583-18117,2021-04-08,1617883130,Charged,a11q,remove all ads forever (PDF Reader - PDF Viewer For Android Free),com.pdfreader.pdfeditor.pdfreadeforandroid.pdfeditorforandroidfree,inapp,removeads,CLP,"1,933.00",367.00,"2,300.00",,,,CL
GPA.3391-1684-4446-25628,2021-04-08,1617884418,Charged,SG706SH,removeads (Pro Compass - Free Compass - Easy Compass),com.compass.compassapp.compassfree,inapp,removeads,JPY,310.00,0.00,310.00,,,8610127,JP
GPA.3340-5986-8612-00094,2021-04-08,1617885326,Charged,winner,remove ads sale (Scanner App - PDF Scanner Apps For Free),com.scannerapp.pdfscanner.documentscaner.docscannerappforandroid,inapp,removeadsale,USD,2.49,0.18,2.67,COLUMBUS,OH,43224,US
GPA.3387-6220-2282-36735,2021-04-08,1617897591,Charged,beyond1q,remove ads sale (Scanner App - PDF Scanner Apps For Free),com.scannerapp.pdfscanner.documentscaner.docscannerappforandroid,inapp,removeadsale,GHS,15.00,2.62,17.62,Accra,,,GH
GPA.3366-2303-5868-00457,2021-04-08,1617900285,Charged,surya,remove ads sale (Scanner App - PDF Scanner Apps For Free),com.scannerapp.pdfscanner.documentscaner.docscannerappforandroid,inapp,removeadsale,HRK,16.00,4.00,20.00,,,,HR
GPA.3348-7241-6657-36223,2021-04-08,1617910690,Charged,odessa,remove ads sale (Scanner App - PDF Scanner Apps For Free),com.scannerapp.pdfscanner.documentscaner.docscannerappforandroid,inapp,removeadsale,BRL,13.99,0.00,13.99,São Paulo,SP,05109000,BR
GPA.3354-7891-9565-33142,2021-04-08,1617923556,Charged,a21s,remove ads sale (Scanner App - PDF Scanner Apps For Free),com.scannerapp.pdfscanner.documentscaner.docscannerappforandroid,inapp,removeadsale,CAD,3.19,0.32,3.51,Montréal,QC,H1Z 3V3,CA
GPA.3396-6751-5885-58717,2021-04-09,1617927936,Charged,j8y18lte,remove ads sale (Scanner App - PDF Scanner Apps For Free),com.scannerapp.pdfscanner.documentscaner.docscannerappforandroid,inapp,removeadsale,BRL,13.99,0.00,13.99,Itapetininga,SP,18202-545,BR
GPA.3338-7123-1829-47962,2021-04-09,1617941653,Charged,cepheus,remove ads sale (Scanner App - PDF Scanner Apps For Free),com.scannerapp.pdfscanner.documentscaner.docscannerappforandroid,inapp,removeadsale,BRL,13.99,0.00,13.99,Aracruz,ES,29195409,BR
GPA.3316-7921-3445-12059,2021-04-09,1617945593,Charged,OP4C51L1,remove all ads forever (PDF Reader - PDF Viewer For Android Free),com.pdfreader.pdfeditor.pdfreadeforandroid.pdfeditorforandroidfree,inapp,removeads,MXN,42.24,6.76,49.00,,,56140,MX
GPA.3322-8761-5211-99074,2021-04-09,1617950837,Charged,olivelite,remove ads sale (Scanner App - PDF Scanner Apps For Free),com.scannerapp.pdfscanner.documentscaner.docscannerappforandroid,inapp,removeadsale,BRL,13.99,0.00,13.99,Campinas,SP,13076240,BR
GPA.3361-7416-5545-85357,2021-04-09,1617958600,Charged,a02q,removeads (Pro Compass - Free Compass - Easy Compass),com.compass.compassapp.compassfree,inapp,removeads,CZK,66.11,13.88,79.99,,,,CZ
GPA.3345-9333-3433-78924,2021-04-09,1617958814,Charged,HWANE,remove all ads forever (PDF Reader - PDF Viewer For Android Free),com.pdfreader.pdfeditor.pdfreadeforandroid.pdfeditorforandroidfree,inapp,removeads,EUR,2.06,0.43,2.49,,,,ES
GPA.3302-6538-1273-76671,2021-04-09,1617958868,Charged,clover,remove all ads forever (PDF Reader - PDF Viewer For Android Free),com.pdfreader.pdfeditor.pdfreadeforandroid.pdfeditorforandroidfree,inapp,removeads,KRW,"2,818.00",282.00,"3,100.00",,,16961,KR
GPA.3383-5468-2555-78025,2021-04-09,1617976755,Charged,OP4B80L1,Remove all ads (PDF Converter: Photo To PDF - PDF Maker),com.pdfconverter.imagetopdf.jpgtopdf.pdfconverterforandroid,inapp,removeads,INR,220.34,39.66,260.00,Kottayam,Kerala,686003,IN
GPA.3347-1595-8390-04539,2021-04-09,1618000667,Charged,beyond0,remove all ads forever (PDF Reader - PDF Viewer For Android Free),com.pdfreader.pdfeditor.pdfreadeforandroid.pdfeditorforandroidfree,inapp,removeads,CLP,"1,933.00",367.00,"2,300.00",,,,CL
GPA.3392-3763-9880-90287,2021-04-09,1618002433,Charged,grandpplte,Remove all ads (PDF Converter: Photo To PDF - PDF Maker),com.pdfconverter.imagetopdf.jpgtopdf.pdfconverterforandroid,inapp,removeads,USD,2.99,0.00,2.99,Vicente López,Buenos Aires,B1603,AR
GPA.3385-1584-1129-78572,2021-04-09,1618002493,Charged,y2s,remove all ads forever (PDF Reader - PDF Viewer For Android Free),com.pdfreader.pdfeditor.pdfreadeforandroid.pdfeditorforandroidfree,inapp,removeads,GBP,1.91,0.38,2.29,,,,GB
GPA.3340-1570-3322-38077,2021-04-09,1618003147,Charged,gtowifi,removeads (Pro Compass - Free Compass - Easy Compass),com.compass.compassapp.compassfree,inapp,removeads,CAD,3.79,0.00,3.79,Sioux Lookout,ON,P8T1H6,CA
GPA.3326-9075-1023-28750,2021-04-10,1618024474,Refund,cv7a,removeads (Pro Compass - Free Compass - Easy Compass),com.compass.compassapp.compassfree,inapp,removeads,USD,2.99,0.00,-2.99,LOS ANGELES,CA,91605,US
GPA.3335-7588-9700-59108,2021-04-10,1618040113,Charged,beyond1,"Remove all Ads forever (Currency exchange, Rate exchange & Money exchange)",currency.currencyconverter.currencyexchangeapp,inapp,iapremoveads,EUR,2.49,0.60,3.09,,,,FI
GPA.3318-1304-0665-19600,2021-04-10,1618041793,Charged,meizuC9,removeads (Pro Compass - Free Compass - Easy Compass),com.compass.compassapp.compassfree,inapp,removeads,UAH,84.99,0.00,84.99,,,,UA
GPA.3330-4048-2913-53710,2021-04-10,1618052880,Charged,a50,remove ads sale (Scanner App - PDF Scanner Apps For Free),com.scannerapp.pdfscanner.documentscaner.docscannerappforandroid,inapp,removeadsale,CHF,2.40,0.00,2.40,Abtwil,,9030,CH
GPA.3317-2693-0999-85193,2021-04-10,1618056539,Charged,a11q,removeads (Pro Compass - Free Compass - Easy Compass),com.compass.compassapp.compassfree,inapp,removeads,THB,90.00,0.00,90.00,,,,TH
GPA.3385-5096-7976-47521,2021-04-10,1618057198,Charged,o1s,removeads (Pro Compass - Free Compass - Easy Compass),com.compass.compassapp.compassfree,inapp,removeads,GBP,2.24,0.45,2.69,,,,GB
GPA.3328-7405-2952-12077,2021-04-10,1618062202,Charged,lavender,remove ads sale (Scanner App - PDF Scanner Apps For Free),com.scannerapp.pdfscanner.documentscaner.docscannerappforandroid,inapp,removeadsale,BRL,13.99,0.00,13.99,Campos dos Goytacazes,RJ,28026230,BR
GPA.3360-4192-4048-31213,2021-04-10,1618066765,Charged,r8q,remove ads sale (Scanner App - PDF Scanner Apps For Free),com.scannerapp.pdfscanner.documentscaner.docscannerappforandroid,inapp,removeadsale,THB,78.00,0.00,78.00,,,83000,TH
GPA.3388-4777-8280-26528,2021-04-10,1618085082,Refund,starlte,remove ads sale (Scanner App - PDF Scanner Apps For Free),com.scannerapp.pdfscanner.documentscaner.docscannerappforandroid,inapp,removeadsale,SAR,9.56,-1.43,-10.99,,,23815,SA
GPA.3387-7124-3622-01206,2021-04-10,1618095862,Charged,r8q,removeads (Pro Compass - Free Compass - Easy Compass),com.compass.compassapp.compassfree,inapp,removeads,USD,2.99,0.18,3.17,KINGSLEY,MI,49649,US
GPA.3389-2298-9690-47115,2021-04-11,1618111637,Charged,SO-41A,removeads (Pro Compass - Free Compass - Easy Compass),com.compass.compassapp.compassfree,inapp,removeads,JPY,310.00,0.00,310.00,,,6712576,JP
GPA.3336-1046-1422-29615,2021-04-11,1618139633,Charged,starlte,removeads (Pro Compass - Free Compass - Easy Compass),com.compass.compassapp.compassfree,inapp,removeads,ZAR,45.21,6.78,51.99,Lephalale,,0555,ZA
GPA.3326-9005-1284-84870,2021-04-11,1618155494,Charged,HWYAL,"Remove all Ads forever (Currency exchange, Rate exchange & Money exchange)",currency.currencyconverter.currencyexchangeapp,inapp,iapremoveads,THB,90.00,0.00,90.00,,,30000,TH
GPA.3366-9031-3640-93081,2021-04-11,1618156887,Charged,beyond1,remove ads sale (Scanner App - PDF Scanner Apps For Free),com.scannerapp.pdfscanner.documentscaner.docscannerappforandroid,inapp,removeadsale,DKK,16.00,4.00,20.00,,,,DK
GPA.3336-7464-2267-84525,2021-04-11,1618166679,Charged,OP4C51L1,Remove all anoying ads (Notes - Notepad - Notes App for Android),owl.notes.notepad.notesappforandroid.notepadappforandroidfree,inapp,iapremoveadssale,IDR,"44,000.00","4,400.00","48,400.00",,,15811,ID
GPA.3385-9490-5093-12204,2021-04-11,1618168701,Charged,a51,remove ads sale (Scanner App - PDF Scanner Apps For Free),com.scannerapp.pdfscanner.documentscaner.docscannerappforandroid,inapp,removeadsale,EUR,2.09,0.40,2.49,,,,DE
GPA.3323-6916-9960-09593,2021-04-12,1618211113,Charged,d1,removeads (Pro Compass - Free Compass - Easy Compass),com.compass.compassapp.compassfree,inapp,removeads,AUD,3.90,0.39,4.29,,,5072,AU
GPA.3340-6467-4805-05294,2021-04-12,1618211124,Charged,betalm,remove ads sale (Scanner App - PDF Scanner Apps For Free),com.scannerapp.pdfscanner.documentscaner.docscannerappforandroid,inapp,removeadsale,EUR,2.09,0.40,2.49,,,,DE
GPA.3388-6808-1977-56647,2021-04-12,1618215620,Charged,HWELE,remove all ads forever (PDF Reader - PDF Viewer For Android Free),com.pdfreader.pdfeditor.pdfreadeforandroid.pdfeditorforandroidfree,inapp,removeads,EUR,2.06,0.43,2.49,,,,ES
GPA.3360-7459-5486-77600,2021-04-12,1618220167,Charged,HWLYA,remove ads sale (Scanner App - PDF Scanner Apps For Free),com.scannerapp.pdfscanner.documentscaner.docscannerappforandroid,inapp,removeadsale,EUR,2.09,0.40,2.49,,,,DE
GPA.3362-9085-4989-13778,2021-04-12,1618234483,Charged,kane_sprout,remove ads sale (Scanner App - PDF Scanner Apps For Free),com.scannerapp.pdfscanner.documentscaner.docscannerappforandroid,inapp,removeadsale,BRL,13.99,0.00,13.99,Barueri,SP,06454080,BR
GPA.3315-8509-7935-30580,2021-04-12,1618235534,Charged,a72q,remove ads sale (Scanner App - PDF Scanner Apps For Free),com.scannerapp.pdfscanner.documentscaner.docscannerappforandroid,inapp,removeadsale,EUR,2.12,0.47,2.59,,,,IT
GPA.3322-3095-5831-32834,2021-04-12,1618239402,Charged,HWAGS2,remove all ads forever (PDF Reader - PDF Viewer For Android Free),com.pdfreader.pdfeditor.pdfreadeforandroid.pdfeditorforandroidfree,inapp,removeads,THB,77.00,0.00,77.00,เขตบางบอน,กรุงเทพมหานคร,10150,TH
GPA.3375-4321-6436-12410,2021-04-12,1618242254,Charged,d2s,remove ads sale (Scanner App - PDF Scanner Apps For Free),com.scannerapp.pdfscanner.documentscaner.docscannerappforandroid,inapp,removeadsale,BRL,13.99,0.00,13.99,Ipiaú,BA,45570000,BR
GPA.3390-8817-9601-77667,2021-04-12,1618243815,Charged,a21s,removeads (Pro Compass - Free Compass - Easy Compass),com.compass.compassapp.compassfree,inapp,removeads,LKR,575.00,0.00,575.00,S,,,LK
GPA.3339-1829-8672-29039,2021-04-12,1618244316,Charged,a20s,remove all ads forever (PDF Reader - PDF Viewer For Android Free),com.pdfreader.pdfeditor.pdfreadeforandroid.pdfeditorforandroidfree,inapp,removeads,USD,2.56,0.00,2.56,Lanús Oeste,Buenos Aires,B1824,AR
GPA.3345-1278-1054-70275,2021-04-12,1618250151,Charged,surya,remove ads sale (Scanner App - PDF Scanner Apps For Free),com.scannerapp.pdfscanner.documentscaner.docscannerappforandroid,inapp,removeadsale,BRL,13.99,0.00,13.99,Porto Alegre,RS,90035-140,BR
GPA.3308-6422-3635-66204,2021-04-13,1618291434,Charged,W-V851,remove ads sale (Scanner App - PDF Scanner Apps For Free),com.scannerapp.pdfscanner.documentscaner.docscannerappforandroid,inapp,removeadsale,EUR,2.12,0.47,2.59,,,,IT
GPA.3371-7736-8810-48774,2021-04-13,1618300914,Charged,a71,remove ads sale (Scanner App - PDF Scanner Apps For Free),com.scannerapp.pdfscanner.documentscaner.docscannerappforandroid,inapp,removeadsale,VND,"59,000.00",0.00,"59,000.00",,,,VN
GPA.3337-6105-9510-98530,2021-04-13,1618305543,Charged,c2s,remove ads sale (Scanner App - PDF Scanner Apps For Free),com.scannerapp.pdfscanner.documentscaner.docscannerappforandroid,inapp,removeadsale,IDR,"36,000.00","3,600.00","39,600.00",Tangerang Selatan,BANTEN,15318,ID
GPA.3300-7640-9052-20446,2021-04-13,1618328712,Charged,a50,removeads (Pro Compass - Free Compass - Easy Compass),com.compass.compassapp.compassfree,inapp,removeads,VND,"69,000.00",0.00,"69,000.00",,,,VN
GPA.3340-6535-2333-65541,2021-04-13,1618335195,Charged,crownlte,remove all ads forever (PDF Reader - PDF Viewer For Android Free),com.pdfreader.pdfeditor.pdfreadeforandroid.pdfeditorforandroidfree,inapp,removeads,GBP,1.91,0.38,2.29,,,,GB
GPA.3342-5682-9827-69092,2021-04-13,1618336180,Charged,H8324,remove all ads forever (PDF Reader - PDF Viewer For Android Free),com.pdfreader.pdfeditor.pdfreadeforandroid.pdfeditorforandroidfree,inapp,removeads,EUR,2.07,0.42,2.49,,,,FR
GPA.3398-9626-4814-40549,2021-04-13,1618341519,Charged,a10s,remove ads sale (Scanner App - PDF Scanner Apps For Free),com.scannerapp.pdfscanner.documentscaner.docscannerappforandroid,inapp,removeadsale,ZAR,39.12,5.87,44.99,Pretoria,,1181,ZA
GPA.3382-6949-7013-73526,2021-04-13,1618357706,Charged,on5xelte,removeads (Pro Compass - Free Compass - Easy Compass),com.compass.compassapp.compassfree,inapp,removeads,LKR,575.00,0.00,575.00,Colombo,,,LK
GPA.3302-4374-0113-49271,2021-04-14,1618373152,Charged,HWHRY-HF,remove ads sale (Scanner App - PDF Scanner Apps For Free),com.scannerapp.pdfscanner.documentscaner.docscannerappforandroid,inapp,removeadsale,RUB,190.83,38.17,229.00,Хабаровск,Хабаровский край,680052,RU
GPA.3353-6341-6880-24927,2021-04-14,1618376895,Charged,ASUS_I01WD,remove ads sale (Scanner App - PDF Scanner Apps For Free),com.scannerapp.pdfscanner.documentscaner.docscannerappforandroid,inapp,removeadsale,CZK,53.71,11.28,64.99,,,,CZ
GPA.3378-4261-5931-03432,2021-04-14,1618379298,Charged,Hammer_Energy,removeads (Pro Compass - Free Compass - Easy Compass),com.compass.compassapp.compassfree,inapp,removeads,CZK,66.11,13.88,79.99,,,,CZ
GPA.3315-7867-7178-58814,2021-04-14,1618389275,Charged,beryllium,remove ads sale (Scanner App - PDF Scanner Apps For Free),com.scannerapp.pdfscanner.documentscaner.docscannerappforandroid,inapp,removeadsale,EUR,2.09,0.50,2.59,,,,GR
GPA.3317-3484-6871-69320,2021-04-14,1618390759,Charged,a10s,remove ads sale (Scanner App - PDF Scanner Apps For Free),com.scannerapp.pdfscanner.documentscaner.docscannerappforandroid,inapp,removeadsale,IDR,"36,000.00","3,600.00","39,600.00",Denpasar,BALI,80116,ID
GPA.3331-1056-8462-18859,2021-04-14,1618391107,Charged,G8141,Remove all ads (PDF Converter: Photo To PDF - PDF Maker),com.pdfconverter.imagetopdf.jpgtopdf.pdfconverterforandroid,inapp,removeads,CHF,2.70,0.00,2.70,Avenches,,1580,CH
GPA.3308-0260-2157-50787,2021-04-14,1618402299,Charged,greatqltechn,"Remove all Ads forever (Currency exchange, Rate exchange & Money exchange)",currency.currencyconverter.currencyexchangeapp,inapp,iapremoveads,USD,2.99,0.00,2.99,Kinshasa,,,CD
GPA.3381-6518-7459-70041,2021-04-14,1618402809,Charged,kane_sprout,remove ads sale (Scanner App - PDF Scanner Apps For Free),com.scannerapp.pdfscanner.documentscaner.docscannerappforandroid,inapp,removeadsale,BRL,13.99,0.00,13.99,Teresina,PI,64000000,BR
GPA.3349-8185-3380-67946,2021-04-14,1618417607,Charged,a21s,remove ads sale (Scanner App - PDF Scanner Apps For Free),com.scannerapp.pdfscanner.documentscaner.docscannerappforandroid,inapp,removeadsale,EUR,2.14,0.45,2.59,,,,NL
GPA.3386-5928-0557-01632,2021-04-14,1618419043,Charged,joyeuse,Remove all ads (PDF Converter: Photo To PDF - PDF Maker),com.pdfconverter.imagetopdf.jpgtopdf.pdfconverterforandroid,inapp,removeads,EUR,2.49,0.50,2.99,,,,FR
GPA.3369-4259-1814-08436,2021-04-14,1618427516,Charged,bali,remove all ads forever (PDF Reader - PDF Viewer For Android Free),com.pdfreader.pdfeditor.pdfreadeforandroid.pdfeditorforandroidfree,inapp,removeads,MXN,42.24,6.76,49.00,,,20180,MX
GPA.3365-7554-0544-03815,2021-04-14,1618429560,Charged,d2s,removeads (Pro Compass - Free Compass - Easy Compass),com.compass.compassapp.compassfree,inapp,removeads,HUF,865.00,234.00,"1,099.00",,,,HU
GPA.3315-1921-9117-25563,2021-04-14,1618429639,Charged,lavender,remove ads sale (Scanner App - PDF Scanner Apps For Free),com.scannerapp.pdfscanner.documentscaner.docscannerappforandroid,inapp,removeadsale,EUR,2.12,0.47,2.59,,,,IT
GPA.3381-5441-2545-05324,2021-04-14,1618430823,Charged,HWBAH2,remove all ads forever (PDF Reader - PDF Viewer For Android Free),com.pdfreader.pdfeditor.pdfreadeforandroid.pdfeditorforandroidfree,inapp,removeads,GBP,1.91,0.38,2.29,,,,GB
GPA.3316-2931-5977-27925,2021-04-14,1618433335,Charged,HWMAR,remove ads sale (Scanner App - PDF Scanner Apps For Free),com.scannerapp.pdfscanner.documentscaner.docscannerappforandroid,inapp,removeadsale,COP,"9,500.00",0.00,"9,500.00",Villavicencio,META,,CO
GPA.3368-8377-5833-53964,2021-04-14,1618437553,Charged,Nord,remove ads sale (Scanner App - PDF Scanner Apps For Free),com.scannerapp.pdfscanner.documentscaner.docscannerappforandroid,inapp,removeadsale,EUR,2.12,0.47,2.59,,,,IT
GPA.3373-8105-5684-10513,2021-04-15,1618451061,Charged,angelica,removeads (Pro Compass - Free Compass - Easy Compass),com.compass.compassapp.compassfree,inapp,removeads,THB,90.00,0.00,90.00,,,83110,TH
GPA.3361-6940-9204-73808,2021-04-15,1618458303,Charged,tucana,remove ads sale (Scanner App - PDF Scanner Apps For Free),com.scannerapp.pdfscanner.documentscaner.docscannerappforandroid,inapp,removeadsale,BRL,13.99,0.00,13.99,Praia Grande,SP,11704-000,BR
GPA.3393-0520-7330-91023,2021-04-15,1618476465,Charged,beryllium,remove ads sale (Scanner App - PDF Scanner Apps For Free),com.scannerapp.pdfscanner.documentscaner.docscannerappforandroid,inapp,removeadsale,INR,186.44,33.56,220.00,bangalore,Karnataka,560078,IN
GPA.3323-9523-5230-29214,2021-04-15,1618495319,Charged,sofiar,remove all ads forever (PDF Reader - PDF Viewer For Android Free),com.pdfreader.pdfeditor.pdfreadeforandroid.pdfeditorforandroidfree,inapp,removeads,CLP,"1,933.00",367.00,"2,300.00",,,1000000,CL
GPA.3300-2694-7128-73232,2021-04-15,1618500691,Charged,klte,remove ads sale (Scanner App - PDF Scanner Apps For Free),com.scannerapp.pdfscanner.documentscaner.docscannerappforandroid,inapp,removeadsale,CHF,2.40,0.00,2.40,Vernayaz,,1904,CH
GPA.3390-8817-9601-77667,2021-04-15,1618503615,Refund,a21s,removeads (Pro Compass - Free Compass - Easy Compass),com.compass.compassapp.compassfree,inapp,removeads,LKR,575.00,0.00,-575.00,S,,,LK
GPA.3367-9653-4002-07429,2021-04-15,1618507663,Charged,lancelot,remove all ads forever (PDF Reader - PDF Viewer For Android Free),com.pdfreader.pdfeditor.pdfreadeforandroid.pdfeditorforandroidfree,inapp,removeads,CLP,"1,933.00",367.00,"2,300.00",Chillan,VIII REGIÓN DEL BIOBÍO,3780000,CL
GPA.3374-7150-8640-28692,2021-04-15,1618513791,Charged,HWLYA,removeads (Pro Compass - Free Compass - Easy Compass),com.compass.compassapp.compassfree,inapp,removeads,USD,2.99,0.00,2.99,Quito,,,EC
GPA.3362-2917-9161-08677,2021-04-16,1618533743,Charged,c2s,removeads (Pro Compass - Free Compass - Easy Compass),com.compass.compassapp.compassfree,inapp,removeads,JPY,310.00,0.00,310.00,小平市花小金井南町,東京都,1870003,JP
GPA.3332-6188-2432-89478,2021-04-16,1618535576,Charged,dreamlte,remove all ads forever (PDF Reader - PDF Viewer For Android Free),com.pdfreader.pdfeditor.pdfreadeforandroid.pdfeditorforandroidfree,inapp,removeads,CLP,"1,933.00",367.00,"2,300.00",coyaique,NOVENA REGIÓN DE LA ARAUCANÍA,8434057,CL
GPA.3358-7464-7788-50246,2021-04-16,1618537371,Charged,surya,remove ads sale (Scanner App - PDF Scanner Apps For Free),com.scannerapp.pdfscanner.documentscaner.docscannerappforandroid,inapp,removeadsale,THB,78.00,0.00,78.00,,,10550,TH
GPA.3308-6422-3635-66204,2021-04-16,1618551234,Refund,W-V851,remove ads sale (Scanner App - PDF Scanner Apps For Free),com.scannerapp.pdfscanner.documentscaner.docscannerappforandroid,inapp,removeadsale,EUR,2.12,-0.47,-2.59,,,,IT
GPA.3323-1387-2026-22752,2021-04-16,1618573048,Charged,starqltechn,remove ads sale (Scanner App - PDF Scanner Apps For Free),com.scannerapp.pdfscanner.documentscaner.docscannerappforandroid,inapp,removeadsale,BRL,13.99,0.00,13.99,Guaratinguetá,SP,12516-190,BR
GPA.3311-9514-2073-57973,2021-04-16,1618577720,Charged,dreamlte,remove ads sale (Scanner App - PDF Scanner Apps For Free),com.scannerapp.pdfscanner.documentscaner.docscannerappforandroid,inapp,removeadsale,EUR,2.12,0.47,2.59,,,,IT
GPA.3311-9514-2073-57973,2021-04-16,1618581232,Refund,dreamlte,remove ads sale (Scanner App - PDF Scanner Apps For Free),com.scannerapp.pdfscanner.documentscaner.docscannerappforandroid,inapp,removeadsale,EUR,2.12,-0.47,-2.59,,,,IT
GPA.3327-7116-0173-15781,2021-04-16,1618581418,Charged,mdh15lm,remove ads sale (Scanner App - PDF Scanner Apps For Free),com.scannerapp.pdfscanner.documentscaner.docscannerappforandroid,inapp,removeadsale,BRL,13.99,0.00,13.99,Abdon Batista,SC,89084382,BR
GPA.3355-2772-8037-52671,2021-04-16,1618586541,Charged,guamp,removeads (Pro Compass - Free Compass - Easy Compass),com.compass.compassapp.compassfree,inapp,removeads,GBP,2.24,0.45,2.69,,,,GB
GPA.3305-7435-3113-82171,2021-04-16,1618587885,Charged,r8q,remove all ads forever (PDF Reader - PDF Viewer For Android Free),com.pdfreader.pdfeditor.pdfreadeforandroid.pdfeditorforandroidfree,inapp,removeads,EUR,2.06,0.43,2.49,,,,ES
GPA.3315-1307-0238-33025,2021-04-16,1618589462,Charged,a50,removeads (Pro Compass - Free Compass - Easy Compass),com.compass.compassapp.compassfree,inapp,removeads,THB,90.00,0.00,90.00,,,,TH
GPA.3377-4710-9006-86180,2021-04-16,1618594413,Charged,ginkgo,remove ads sale (Scanner App - PDF Scanner Apps For Free),com.scannerapp.pdfscanner.documentscaner.docscannerappforandroid,inapp,removeadsale,COP,"9,500.00",0.00,"9,500.00",Bogota,BOGOTA,,CO
GPA.3300-8701-9934-08642,2021-04-16,1618598406,Charged,a10e,removeads (Pro Compass - Free Compass - Easy Compass),com.compass.compassapp.compassfree,inapp,removeads,USD,2.99,0.21,3.20,Windsor,NC,27983,US
GPA.3391-3338-6458-13115,2021-04-16,1618601662,Charged,y2s,removeads (Pro Compass - Free Compass - Easy Compass),com.compass.compassapp.compassfree,inapp,removeads,EUR,2.51,0.48,2.99,,,,DE
GPA.3331-8180-1732-39966,2021-04-16,1618602144,Charged,sofiar,remove ads sale (Scanner App - PDF Scanner Apps For Free),com.scannerapp.pdfscanner.documentscaner.docscannerappforandroid,inapp,removeadsale,BRL,13.99,0.00,13.99,São Pedro da Aldeia,RJ,28940615,BR
GPA.3392-4380-5102-80591,2021-04-16,1618611114,Charged,j4primelte,removeads (Pro Compass - Free Compass - Easy Compass),com.compass.compassapp.compassfree,inapp,removeads,GBP,2.24,0.45,2.69,,,,GB
GPA.3390-9342-8994-87560,2021-04-17,1618635087,Charged,a50,removeads (Pro Compass - Free Compass - Easy Compass),com.compass.compassapp.compassfree,inapp,removeads,BRL,15.99,0.00,15.99,Adamantina,SP,01546-100,BR
GPA.3388-4593-7689-63488,2021-04-17,1618638537,Charged,timelm,removeads (Pro Compass - Free Compass - Easy Compass),com.compass.compassapp.compassfree,inapp,removeads,TWD,84.00,4.00,88.00,板橋區,新北市,220,TW
GPA.3315-7867-7178-58814,2021-04-17,1618649075,Refund,beryllium,remove ads sale (Scanner App - PDF Scanner Apps For Free),com.scannerapp.pdfscanner.documentscaner.docscannerappforandroid,inapp,removeadsale,EUR,2.09,-0.50,-2.59,,,,GR
GPA.3374-6545-8410-35422,2021-04-17,1618657378,Charged,HWCLT,"Remove all Ads forever (Currency exchange, Rate exchange & Money exchange)",currency.currencyconverter.currencyexchangeapp,inapp,iapremoveads,THB,90.00,0.00,90.00,,,18160,TH
GPA.3356-0809-3688-47118,2021-04-17,1618658633,Charged,a50,remove all ads forever (PDF Reader - PDF Viewer For Android Free),com.pdfreader.pdfeditor.pdfreadeforandroid.pdfeditorforandroidfree,inapp,removeads,EUR,2.06,0.43,2.49,,,,ES
GPA.3364-7931-0874-55440,2021-04-17,1618665487,Charged,a41,remove all ads forever (PDF Reader - PDF Viewer For Android Free),com.pdfreader.pdfeditor.pdfreadeforandroid.pdfeditorforandroidfree,inapp,removeads,EUR,2.07,0.42,2.49,,,,FR
GPA.3313-2065-1775-10714,2021-04-17,1618671919,Charged,willow,remove ads sale (Scanner App - PDF Scanner Apps For Free),com.scannerapp.pdfscanner.documentscaner.docscannerappforandroid,inapp,removeadsale,EUR,2.12,0.47,2.59,,,,IT
GPA.3349-8185-3380-67946,2021-04-17,1618677407,Refund,a21s,remove ads sale (Scanner App - PDF Scanner Apps For Free),com.scannerapp.pdfscanner.documentscaner.docscannerappforandroid,inapp,removeadsale,EUR,2.14,-0.45,-2.59,,,,NL
GPA.3386-0942-8212-84060,2021-04-17,1618683565,Charged,dreamlte,removeads (Pro Compass - Free Compass - Easy Compass),com.compass.compassapp.compassfree,inapp,removeads,DKK,18.40,4.60,23.00,,,,DK
GPA.3364-2147-6385-82463,2021-04-17,1618693437,Charged,WP6,remove ads sale (Scanner App - PDF Scanner Apps For Free),com.scannerapp.pdfscanner.documentscaner.docscannerappforandroid,inapp,removeadsale,BGN,4.16,0.83,4.99,,,,BG
GPA.3362-2323-1474-46134,2021-04-18,1618727608,Charged,OP4863,removeads (Pro Compass - Free Compass - Easy Compass),com.compass.compassapp.compassfree,inapp,removeads,THB,90.00,0.00,90.00,,,65000,TH
GPA.3303-9196-3657-93079,2021-04-18,1618728196,Charged,a70q,remove all ads forever (PDF Reader - PDF Viewer For Android Free),com.pdfreader.pdfeditor.pdfreadeforandroid.pdfeditorforandroidfree,inapp,removeads,EUR,2.01,0.38,2.39,,,,DE
GPA.3353-3938-3288-38822,2021-04-18,1618728425,Charged,crownlte,"Remove all Ads forever (Currency exchange, Rate exchange & Money exchange)",currency.currencyconverter.currencyexchangeapp,inapp,iapremoveads,USD,2.99,0.00,2.99,CORONADO,CA,92118,US
GPA.3341-7902-6240-09735,2021-04-18,1618747651,Charged,HWCLT,remove all ads forever (PDF Reader - PDF Viewer For Android Free),com.pdfreader.pdfeditor.pdfreadeforandroid.pdfeditorforandroidfree,inapp,removeads,EUR,2.09,0.50,2.59,,,,GR
GPA.3323-8925-3720-83981,2021-04-18,1618754589,Charged,merlin,remove ads sale (Scanner App - PDF Scanner Apps For Free),com.scannerapp.pdfscanner.documentscaner.docscannerappforandroid,inapp,removeadsale,CLP,"1,849.00",351.00,"2,200.00",Antofagasta,Antofagasta,8330091,CL
GPA.3391-3198-9653-10854,2021-04-18,1618755696,Charged,a31,remove ads sale (Scanner App - PDF Scanner Apps For Free),com.scannerapp.pdfscanner.documentscaner.docscannerappforandroid,inapp,removeadsale,BRL,13.99,0.00,13.99,Recife,PE,50930000,BR
GPA.3319-3161-0932-08282,2021-04-18,1618768365,Charged,a20,removeads (Pro Compass - Free Compass - Easy Compass),com.compass.compassapp.compassfree,inapp,removeads,THB,90.00,0.00,90.00,Banglamung,ชลบุรี,20150,TH
GPA.3345-6829-7265-58029,2021-04-18,1618769895,Charged,HWVOG,remove ads sale (Scanner App - PDF Scanner Apps For Free),com.scannerapp.pdfscanner.documentscaner.docscannerappforandroid,inapp,removeadsale,EUR,2.14,0.45,2.59,,,,NL
GPA.3399-8597-8135-12563,2021-04-18,1618774522,Charged,x1s,remove ads sale (Scanner App - PDF Scanner Apps For Free),com.scannerapp.pdfscanner.documentscaner.docscannerappforandroid,inapp,removeadsale,EUR,2.16,0.43,2.59,,,,AT
GPA.3337-9537-0307-05729,2021-04-18,1618781521,Charged,a10s,removeads (Pro Compass - Free Compass - Easy Compass),com.compass.compassapp.compassfree,inapp,removeads,CLP,"2,185.00",415.00,"2,600.00",,,,CL
GPA.3368-7066-2512-28414,2021-04-18,1618782865,Charged,OnePlus6T,remove all ads forever (PDF Reader - PDF Viewer For Android Free),com.pdfreader.pdfeditor.pdfreadeforandroid.pdfeditorforandroidfree,inapp,removeads,EUR,2.06,0.43,2.49,,,,NL
GPA.3379-6064-2199-81491,2021-04-19,1618796227,Charged,OP4C7D,removeads (Pro Compass - Free Compass - Easy Compass),com.compass.compassapp.compassfree,inapp,removeads,THB,90.00,0.00,90.00,,,70110,TH
GPA.3371-5662-7221-19310,2021-04-19,1618801290,Charged,OnePlus5,remove ads sale (Scanner App - PDF Scanner Apps For Free),com.scannerapp.pdfscanner.documentscaner.docscannerappforandroid,inapp,removeadsale,EUR,2.16,0.43,2.59,,,,FR
GPA.3361-3724-2354-49080,2021-04-19,1618808398,Charged,ASUS_X01BD_1,remove ads sale (Scanner App - PDF Scanner Apps For Free),com.scannerapp.pdfscanner.documentscaner.docscannerappforandroid,inapp,removeadsale,COP,"9,500.00",0.00,"9,500.00",cali,VALLE DEL CAUCA,,CO
GPA.3372-2481-5460-01744,2021-04-19,1618830924,Charged,PDA_sprout,removeads (Pro Compass - Free Compass - Easy Compass),com.compass.compassapp.compassfree,inapp,removeads,SEK,25.60,6.40,32.00,,,,SE
GPA.3377-8691-6437-98215,2021-04-19,1618831473,Charged,heroqlteue,removeads (Pro Compass - Free Compass - Easy Compass),com.compass.compassapp.compassfree,inapp,removeads,CAD,3.79,0.00,3.79,Big Ridge,NS,B1K1X9,CA
GPA.3338-2732-5131-08885,2021-04-19,1618831824,Charged,d2s,Remove all ads (PDF Converter: Photo To PDF - PDF Maker),com.pdfconverter.imagetopdf.jpgtopdf.pdfconverterforandroid,inapp,removeads,BRL,16.99,0.00,16.99,Recife,PE,51030340,BR
GPA.3364-8557-4374-02074,2021-04-19,1618837581,Charged,HWKSA-M,removeads (Pro Compass - Free Compass - Easy Compass),com.compass.compassapp.compassfree,inapp,removeads,RUB,224.17,44.83,269.00,Томская,Томская область,636780,RU
GPA.3354-1825-0082-02474,2021-04-19,1618838029,Charged,acexlm,remove ads sale (Scanner App - PDF Scanner Apps For Free),com.scannerapp.pdfscanner.documentscaner.docscannerappforandroid,inapp,removeadsale,USD,2.49,0.00,2.49,Irmo,SC,29063,US
GPA.3368-8230-9315-18513,2021-04-19,1618843060,Charged,OP4B80L1,"Remove all Ads forever (Currency exchange, Rate exchange & Money exchange)",currency.currencyconverter.currencyexchangeapp,inapp,iapremoveads,TWD,84.00,4.00,88.00,,,50004,TW
GPA.3361-9605-8923-09204,2021-04-19,1618846670,Charged,j6primelte,remove ads sale (Scanner App - PDF Scanner Apps For Free),com.scannerapp.pdfscanner.documentscaner.docscannerappforandroid,inapp,removeadsale,BRL,13.99,0.00,13.99,Uberlândia,MG,38400-094,BR
GPA.3313-8620-0630-06548,2021-04-19,1618850146,Charged,m51,remove ads sale (Scanner App - PDF Scanner Apps For Free),com.scannerapp.pdfscanner.documentscaner.docscannerappforandroid,inapp,removeadsale,BRL,13.99,0.00,13.99,Pindobaçu,BA,44770000,BR
GPA.3343-9621-7132-01911,2021-04-19,1618851531,Charged,a30s,remove ads sale (Scanner App - PDF Scanner Apps For Free),com.scannerapp.pdfscanner.documentscaner.docscannerappforandroid,inapp,removeadsale,BRL,13.99,0.00,13.99,Rio de Janeiro,RJ,20271-203,BR
GPA.3380-9434-1758-20692,2021-04-19,1618854214,Charged,beyond0,remove ads sale (Scanner App - PDF Scanner Apps For Free),com.scannerapp.pdfscanner.documentscaner.docscannerappforandroid,inapp,removeadsale,BRL,13.99,0.00,13.99,Brasília,DF,72225-273,BR
GPA.3325-8284-5009-53465,2021-04-20,1618900864,Charged,a3ulte,remove all ads forever (PDF Reader - PDF Viewer For Android Free),com.pdfreader.pdfeditor.pdfreadeforandroid.pdfeditorforandroidfree,inapp,removeads,GBP,1.91,0.38,2.29,,,,GB
GPA.3325-6521-3804-18036,2021-04-20,1618910639,Charged,beyond1,remove ads sale (Scanner App - PDF Scanner Apps For Free),com.scannerapp.pdfscanner.documentscaner.docscannerappforandroid,inapp,removeadsale,SAR,9.56,1.43,10.99,Jeddah,,23452,SA
GPA.3361-9436-1354-27730,2021-04-20,1618926738,Charged,a20,remove all ads forever (PDF Reader - PDF Viewer For Android Free),com.pdfreader.pdfeditor.pdfreadeforandroid.pdfeditorforandroidfree,inapp,removeads,AUD,3.45,0.34,3.79,,,5109,AU
GPA.3378-4856-9677-62255,2021-04-20,1618927615,Charged,beyond2,remove ads sale (Scanner App - PDF Scanner Apps For Free),com.scannerapp.pdfscanner.documentscaner.docscannerappforandroid,inapp,removeadsale,EUR,2.09,0.40,2.49,,,,DE
GPA.3355-6927-3680-69336,2021-04-20,1618930748,Charged,HWMAR,remove ads sale (Scanner App - PDF Scanner Apps For Free),com.scannerapp.pdfscanner.documentscaner.docscannerappforandroid,inapp,removeadsale,SEK,21.60,5.40,27.00,,,,SE
GPA.3396-8601-4008-18063,2021-04-20,1618931816,Charged,HWMAR,Remove all ads (PDF Converter: Photo To PDF - PDF Maker),com.pdfconverter.imagetopdf.jpgtopdf.pdfconverterforandroid,inapp,removeads,MXN,56.03,8.97,65.00,,,10500,MX
GPA.3354-5689-0991-74878,2021-04-21,1618967369,Charged,SH-02M,removeads (Pro Compass - Free Compass - Easy Compass),com.compass.compassapp.compassfree,inapp,removeads,JPY,310.00,0.00,310.00,,,6250080,JP
GPA.3352-8221-8682-47935,2021-04-21,1618970598,Charged,a71,remove ads sale (Scanner App - PDF Scanner Apps For Free),com.scannerapp.pdfscanner.documentscaner.docscannerappforandroid,inapp,removeadsale,BRL,13.99,0.00,13.99,Londrina,PR,86015-640,BR
GPA.3306-2795-6380-15714,2021-04-21,1618970674,Charged,merlin,remove all ads forever (PDF Reader - PDF Viewer For Android Free),com.pdfreader.pdfeditor.pdfreadeforandroid.pdfeditorforandroidfree,inapp,removeads,CLP,"1,933.00",367.00,"2,300.00",Santiago,REGIÓN METROPOLITANA,8800490,CL
GPA.3374-0511-7989-67480,2021-04-21,1619002097,Charged,YT-X705F,remove ads sale (Scanner App - PDF Scanner Apps For Free),com.scannerapp.pdfscanner.documentscaner.docscannerappforandroid,inapp,removeadsale,EUR,2.11,0.48,2.59,,,,PT
GPA.3355-6915-0099-04661,2021-04-21,1619005300,Charged,greatlte,remove ads sale (Scanner App - PDF Scanner Apps For Free),com.scannerapp.pdfscanner.documentscaner.docscannerappforandroid,inapp,removeadsale,AUD,3.26,0.33,3.59,Warragamba,NSW,2752,AU
GPA.3353-8656-5284-27386,2021-04-21,1619010131,Charged,HWELE,remove ads sale (Scanner App - PDF Scanner Apps For Free),com.scannerapp.pdfscanner.documentscaner.docscannerappforandroid,inapp,removeadsale,CLP,"1,849.00",351.00,"2,200.00",,,5480000,CL
GPA.3326-2860-2623-49193,2021-04-21,1619010545,Charged,mcv7a,"Remove all Ads forever (Currency exchange, Rate exchange & Money exchange)",currency.currencyconverter.currencyexchangeapp,inapp,iapremoveads,USD,2.99,0.22,3.21,Sandwich,IL,60548,US
GPA.3306-6002-8035-84206,2021-04-21,1619014847,Charged,gtowifi,remove all ads forever (PDF Reader - PDF Viewer For Android Free),com.pdfreader.pdfeditor.pdfreadeforandroid.pdfeditorforandroidfree,inapp,removeads,EUR,2.06,0.43,2.49,,,,ES
GPA.3354-6250-7474-03067,2021-04-21,1619014980,Charged,OP4B9B,remove all ads forever (PDF Reader - PDF Viewer For Android Free),com.pdfreader.pdfeditor.pdfreadeforandroid.pdfeditorforandroidfree,inapp,removeads,VND,"59,000.00",0.00,"59,000.00",,,,VN
GPA.3354-9719-2852-67854,2021-04-21,1619016971,Charged,DRDA_sprout,remove ads sale (Scanner App - PDF Scanner Apps For Free),com.scannerapp.pdfscanner.documentscaner.docscannerappforandroid,inapp,removeadsale,INR,186.44,33.56,220.00,Chennai,Tamil Nadu,600088,IN
GPA.3379-1465-2427-95368,2021-04-21,1619021942,Charged,potter_n,remove all ads forever (PDF Reader - PDF Viewer For Android Free),com.pdfreader.pdfeditor.pdfreadeforandroid.pdfeditorforandroidfree,inapp,removeads,USD,2.56,0.00,2.56,Formosa,Formosa,3600,AR
GPA.3389-9554-0731-59886,2021-04-21,1619022024,Charged,j3xlteatt,removeads (Pro Compass - Free Compass - Easy Compass),com.compass.compassapp.compassfree,inapp,removeads,USD,2.99,0.00,2.99,Ventura,CA,93004,US
GPA.3314-0539-6925-17863,2021-04-21,1619028275,Charged,j5xnlte,removeads (Pro Compass - Free Compass - Easy Compass),com.compass.compassapp.compassfree,inapp,removeads,SEK,25.60,6.40,32.00,,,,SE
GPA.3301-4587-6659-57878,2021-04-21,1619029179,Charged,2036,remove all ads forever (PDF Reader - PDF Viewer For Android Free),com.pdfreader.pdfeditor.pdfreadeforandroid.pdfeditorforandroidfree,inapp,removeads,SAR,9.56,1.43,10.99,Riyadh,,,SA
GPA.3375-6769-9205-36311,2021-04-21,1619037220,Charged,HWDUB-Q,remove all ads forever (PDF Reader - PDF Viewer For Android Free),com.pdfreader.pdfeditor.pdfreadeforandroid.pdfeditorforandroidfree,inapp,removeads,CLP,"1,933.00",367.00,"2,300.00",,,,CL
GPA.3352-9962-5802-94985,2021-04-21,1619039297,Charged,angelica,remove ads sale (Scanner App - PDF Scanner Apps For Free),com.scannerapp.pdfscanner.documentscaner.docscannerappforandroid,inapp,removeadsale,COP,"9,500.00",0.00,"9,500.00",,,170001,CO
GPA.3389-0545-2473-41605,2021-04-21,1619040932,Charged,begonia,remove all ads forever (PDF Reader - PDF Viewer For Android Free),com.pdfreader.pdfeditor.pdfreadeforandroid.pdfeditorforandroidfree,inapp,removeads,CZK,53.71,11.28,64.99,,,,CZ
GPA.3366-1171-8334-32766,2021-04-22,1619063551,Charged,d2s,removeads (Pro Compass - Free Compass - Easy Compass),com.compass.compassapp.compassfree,inapp,removeads,USD,2.99,0.00,2.99,Phom Pan,,,KH
GPA.3393-2336-6360-82635,2021-04-22,1619065679,Charged,HWLIO,remove ads sale (Scanner App - PDF Scanner Apps For Free),com.scannerapp.pdfscanner.documentscaner.docscannerappforandroid,inapp,removeadsale,THB,78.00,0.00,78.00,วัฒนา,กรุงเทพมหานคร,10110,TH
GPA.3371-1496-0079-32925,2021-04-22,1619077343,Charged,sofiap_sprout,remove ads sale (Scanner App - PDF Scanner Apps For Free),com.scannerapp.pdfscanner.documentscaner.docscannerappforandroid,inapp,removeadsale,EUR,2.12,0.47,2.59,,,,IT
GPA.3371-7343-0026-84889,2021-04-22,1619090934,Charged,c2s,remove ads sale (Scanner App - PDF Scanner Apps For Free),com.scannerapp.pdfscanner.documentscaner.docscannerappforandroid,inapp,removeadsale,PKR,400.00,0.00,400.00,Lahore,,54792,PK
GPA.3396-6511-7143-93297,2021-04-22,1619099991,Charged,j2corelte,remove all ads forever (PDF Reader - PDF Viewer For Android Free),com.pdfreader.pdfeditor.pdfreadeforandroid.pdfeditorforandroidfree,inapp,removeads,CLP,"1,933.00",367.00,"2,300.00",,,,CL
GPA.3391-6062-0832-59376,2021-04-22,1619104604,Charged,a6lte,removeads (Pro Compass - Free Compass - Easy Compass),com.compass.compassapp.compassfree,inapp,removeads,GBP,2.24,0.45,2.69,,,,GB
GPA.3354-4220-0367-96947,2021-04-22,1619107878,Charged,mcv3,remove ads sale (Scanner App - PDF Scanner Apps For Free),com.scannerapp.pdfscanner.documentscaner.docscannerappforandroid,inapp,removeadsale,BRL,13.99,0.00,13.99,Brasília,DF,71805712,BR
GPA.3362-7006-2573-00369,2021-04-22,1619112245,Charged,HWDRA-MG,remove all ads forever (PDF Reader - PDF Viewer For Android Free),com.pdfreader.pdfeditor.pdfreadeforandroid.pdfeditorforandroidfree,inapp,removeads,MXN,42.24,6.76,49.00,,,44100,MX
GPA.3354-4468-6052-65013,2021-04-22,1619122149,Charged,SC-42A,removeads (Pro Compass - Free Compass - Easy Compass),com.compass.compassapp.compassfree,inapp,removeads,JPY,310.00,0.00,310.00,,,070-0035,JP
GPA.3397-4923-2368-15459,2021-04-23,1619138341,Charged,d2s,remove ads sale (Scanner App - PDF Scanner Apps For Free),com.scannerapp.pdfscanner.documentscaner.docscannerappforandroid,inapp,removeadsale,THB,78.00,0.00,78.00,อ.เมือง,บุรีรัมย์,31000,TH
GPA.3315-2411-1564-71096,2021-04-23,1619158190,Charged,sweet,remove all ads forever (PDF Reader - PDF Viewer For Android Free),com.pdfreader.pdfeditor.pdfreadeforandroid.pdfeditorforandroidfree,inapp,removeads,EUR,2.06,0.43,2.49,,,,ES
GPA.3363-4375-7770-60283,2021-04-23,1619161429,Charged,a10,remove all ads forever (PDF Reader - PDF Viewer For Android Free),com.pdfreader.pdfeditor.pdfreadeforandroid.pdfeditorforandroidfree,inapp,removeads,THB,77.00,0.00,77.00,,,,TH
GPA.3318-7366-6784-54617,2021-04-23,1619164333,Charged,nikel,remove all ads forever (PDF Reader - PDF Viewer For Android Free),com.pdfreader.pdfeditor.pdfreadeforandroid.pdfeditorforandroidfree,inapp,removeads,IDR,"36,000.00","3,600.00","39,600.00",Bandung,JAWA BARAT,40254,ID
GPA.3303-6011-1314-43005,2021-04-23,1619171530,Charged,malta,remove all ads forever (PDF Reader - PDF Viewer For Android Free),com.pdfreader.pdfeditor.pdfreadeforandroid.pdfeditorforandroidfree,inapp,removeads,BRL,12.99,0.00,12.99,Grajaú,MA,65940000,BR
GPA.3351-5584-0565-29827,2021-04-23,1619181095,Charged,mh2lm,remove ads sale (Scanner App - PDF Scanner Apps For Free),com.scannerapp.pdfscanner.documentscaner.docscannerappforandroid,inapp,removeadsale,EUR,2.09,0.40,2.49,,,,DE
GPA.3307-6504-8039-12101,2021-04-23,1619186627,Charged,P817E52,removeads (Pro Compass - Free Compass - Easy Compass),com.compass.compassapp.compassfree,inapp,removeads,EUR,2.51,0.48,2.99,,,,DE
GPA.3317-8554-7843-34751,2021-04-23,1619187800,Charged,j7elte,remove all ads forever (PDF Reader - PDF Viewer For Android Free),com.pdfreader.pdfeditor.pdfreadeforandroid.pdfeditorforandroidfree,inapp,removeads,USD,2.56,0.00,2.56,Olivos,Buenos Aires,1636,AR
GPA.3394-8117-2734-08033,2021-04-23,1619189408,Charged,sweet,remove ads sale (Scanner App - PDF Scanner Apps For Free),com.scannerapp.pdfscanner.documentscaner.docscannerappforandroid,inapp,removeadsale,EUR,1.16,0.43,1.59,,,,FR
GPA.3344-7291-1354-73561,2021-04-23,1619192692,Charged,a7y18lte,remove ads sale (Scanner App - PDF Scanner Apps For Free),com.scannerapp.pdfscanner.documentscaner.docscannerappforandroid,inapp,removeadsale,EUR,2.09,0.40,2.49,,,,DE
GPA.3304-7717-9680-77906,2021-04-23,1619192960,Charged,gtasliteltevzw,removeads (Pro Compass - Free Compass - Easy Compass),com.compass.compassapp.compassfree,inapp,removeads,USD,2.99,0.19,3.18,CEDAR CITY,UT,84721,US
GPA.3359-7267-7790-43030,2021-04-23,1619195609,Charged,merlinnfc,remove all ads forever (PDF Reader - PDF Viewer For Android Free),com.pdfreader.pdfeditor.pdfreadeforandroid.pdfeditorforandroidfree,inapp,removeads,EUR,2.06,0.43,2.49,,,,ES
GPA.3322-9540-6122-11241,2021-04-23,1619195783,Charged,merlinnfc,Remove all anoying ads (Notes - Notepad - Notes App for Android),owl.notes.notepad.notesappforandroid.notepadappforandroidfree,inapp,iapremoveadssale,EUR,2.55,0.54,3.09,,,,ES
GPA.3327-8836-1364-61721,2021-04-23,1619196471,Charged,parker,remove all ads forever (PDF Reader - PDF Viewer For Android Free),com.pdfreader.pdfeditor.pdfreadeforandroid.pdfeditorforandroidfree,inapp,removeads,MXN,42.24,6.76,49.00,,,54474,MX
GPA.3370-4999-7851-82338,2021-04-23,1619197087,Charged,a11q,"Remove all Ads forever (Currency exchange, Rate exchange & Money exchange)",currency.currencyconverter.currencyexchangeapp,inapp,iapremoveads,VND,"69,000.00",0.00,"69,000.00",Tp Thuận An,BÌNH DƯƠNG,700000,VN
GPA.3381-9625-9165-24649,2021-04-23,1619199560,Charged,star2qltechn,remove ads sale (Scanner App - PDF Scanner Apps For Free),com.scannerapp.pdfscanner.documentscaner.docscannerappforandroid,inapp,removeadsale,BRL,13.99,0.00,13.99,Curitiba,PR,80050370,BR
GPA.3387-9653-6178-80839,2021-04-23,1619216193,Charged,on7xelte,removeads (Pro Compass - Free Compass - Easy Compass),com.compass.compassapp.compassfree,inapp,removeads,VND,"69,000.00",0.00,"69,000.00",,,,VN
GPA.3325-2563-2930-16083,2021-04-24,1619229163,Charged,curtana,remove all ads forever (PDF Reader - PDF Viewer For Android Free),com.pdfreader.pdfeditor.pdfreadeforandroid.pdfeditorforandroidfree,inapp,removeads,BRL,12.99,0.00,12.99,Abadia dos Dourados,MG,38794000,BR
GPA.3344-6792-0220-06143,2021-04-24,1619254662,Charged,CPH1901,remove all ads forever (PDF Reader - PDF Viewer For Android Free),com.pdfreader.pdfeditor.pdfreadeforandroid.pdfeditorforandroidfree,inapp,removeads,THB,77.00,0.00,77.00,,,30440,TH
GPA.3379-6745-1504-61411,2021-04-24,1619257736,Charged,t2s,remove ads sale (Scanner App - PDF Scanner Apps For Free),com.scannerapp.pdfscanner.documentscaner.docscannerappforandroid,inapp,removeadsale,CZK,53.71,11.28,64.99,,,,CZ
GPA.3353-0112-1869-88254,2021-04-24,1619278240,Charged,a10,removeads (Pro Compass - Free Compass - Easy Compass),com.compass.compassapp.compassfree,inapp,removeads,EUR,2.51,0.48,2.99,,,,DE
GPA.3385-7810-6368-44962,2021-04-24,1619289684,Charged,beyond2,remove ads sale (Scanner App - PDF Scanner Apps For Free),com.scannerapp.pdfscanner.documentscaner.docscannerappforandroid,inapp,removeadsale,GBP,1.83,0.36,2.19,,,,GB
GPA.3361-2764-3098-89215,2021-04-24,1619294221,Charged,z3s,remove all ads forever (PDF Reader - PDF Viewer For Android Free),com.pdfreader.pdfeditor.pdfreadeforandroid.pdfeditorforandroidfree,inapp,removeads,AED,9.32,0.47,9.79,,,,AE
GPA.3316-4146-6137-72875,2021-04-24,1619298062,Charged,a71,remove ads sale (Scanner App - PDF Scanner Apps For Free),com.scannerapp.pdfscanner.documentscaner.docscannerappforandroid,inapp,removeadsale,CAD,3.19,0.00,3.19,Scarborough,ON,M1L 0B9,CA
GPA.3364-5118-6142-06023,2021-04-24,1619306140,Charged,a70q,remove all ads forever (PDF Reader - PDF Viewer For Android Free),com.pdfreader.pdfeditor.pdfreadeforandroid.pdfeditorforandroidfree,inapp,removeads,CLP,"1,933.00",367.00,"2,300.00",,,8320000,CL
GPA.3382-8597-1309-42314,2021-04-25,1619309828,Charged,gtesltevzw,removeads (Pro Compass - Free Compass - Easy Compass),com.compass.compassapp.compassfree,inapp,removeads,USD,2.99,0.21,3.20,HAINESVILLE,IL,60073,US
GPA.3346-5802-1429-75981,2021-04-25,1619336775,Charged,beryllium,remove ads sale (Scanner App - PDF Scanner Apps For Free),com.scannerapp.pdfscanner.documentscaner.docscannerappforandroid,inapp,removeadsale,EUR,2.09,0.50,2.59,,,,GR
GPA.3335-3707-6650-72821,2021-04-25,1619336987,Charged,HWMAR,removeads (Pro Compass - Free Compass - Easy Compass),com.compass.compassapp.compassfree,inapp,removeads,CZK,66.11,13.88,79.99,,,,CZ
GPA.3347-4982-6745-21434,2021-04-25,1619354442,Charged,c2s,removeads (Pro Compass - Free Compass - Easy Compass),com.compass.compassapp.compassfree,inapp,removeads,PLN,11.37,2.62,13.99,,,,PL
GPA.3369-8891-3806-45222,2021-04-25,1619366123,Charged,beyond1,"Remove all Ads forever (Currency exchange, Rate exchange & Money exchange)",currency.currencyconverter.currencyexchangeapp,inapp,iapremoveads,EUR,2.43,0.46,2.89,,,,DE
GPA.3399-4415-4583-95424,2021-04-25,1619380709,Charged,HWATU-QG,remove ads sale (Scanner App - PDF Scanner Apps For Free),com.scannerapp.pdfscanner.documentscaner.docscannerappforandroid,inapp,removeadsale,MXN,47.41,7.59,55.00,,,02070,MX
GPA.3386-1020-5941-93080,2021-04-25,1619381814,Charged,a20p,"Remove all Ads forever (Currency exchange, Rate exchange & Money exchange)",currency.currencyconverter.currencyexchangeapp,inapp,iapremoveads,USD,2.99,0.21,3.20,PITTSBURGH,PA,15221,US
GPA.3364-8418-9498-52257,2021-04-26,1619435999,Charged,merlin,remove ads sale (Scanner App - PDF Scanner Apps For Free),com.scannerapp.pdfscanner.documentscaner.docscannerappforandroid,inapp,removeadsale,COP,"9,500.00",0.00,"9,500.00",Medellin,ANTIOQUIA,,CO
GPA.3351-8433-0874-90172,2021-04-26,1619446374,Charged,jadelte,removeads (Pro Compass - Free Compass - Easy Compass),com.compass.compassapp.compassfree,inapp,removeads,THB,90.00,0.00,90.00,,,,TH
GPA.3370-3350-0249-97648,2021-04-26,1619448224,Charged,karna,remove all ads forever (PDF Reader - PDF Viewer For Android Free),com.pdfreader.pdfeditor.pdfreadeforandroid.pdfeditorforandroidfree,inapp,removeads,MXN,42.24,6.76,49.00,,,90806,MX
GPA.3308-4302-8886-00050,2021-04-26,1619456612,Charged,d2s,remove ads sale (Scanner App - PDF Scanner Apps For Free),com.scannerapp.pdfscanner.documentscaner.docscannerappforandroid,inapp,removeadsale,BRL,13.99,0.00,13.99,Campinas,SP,13088527,BR
GPA.3392-2201-6619-52833,2021-04-26,1619463022,Charged,y2s,remove all ads forever (PDF Reader - PDF Viewer For Android Free),com.pdfreader.pdfeditor.pdfreadeforandroid.pdfeditorforandroidfree,inapp,removeads,BRL,12.99,0.00,12.99,Divinópolis,MG,35500030,BR
GPA.3364-8293-2352-48829,2021-04-26,1619465835,Charged,cedric,removeads (Pro Compass - Free Compass - Easy Compass),com.compass.compassapp.compassfree,inapp,removeads,EUR,2.49,0.50,2.99,,,,FR
GPA.3318-2653-5934-90377,2021-04-27,1619500069,Charged,r8s,remove ads sale (Scanner App - PDF Scanner Apps For Free),com.scannerapp.pdfscanner.documentscaner.docscannerappforandroid,inapp,removeadsale,EUR,2.12,0.47,2.59,,,,IT
GPA.3393-7712-4779-88455,2021-04-27,1619507588,Charged,SBM801FJ,removeads (Pro Compass - Free Compass - Easy Compass),com.compass.compassapp.compassfree,inapp,removeads,JPY,310.00,0.00,310.00,,,215-0003,JP
GPA.3369-8459-4163-57519,2021-04-27,1619510140,Charged,a40,removeads (Pro Compass - Free Compass - Easy Compass),com.compass.compassapp.compassfree,inapp,removeads,GBP,2.24,0.45,2.69,,,,GB
GPA.3330-8568-8826-55506,2021-04-27,1619514805,Charged,a42xq,remove all ads forever (PDF Reader - PDF Viewer For Android Free),com.pdfreader.pdfeditor.pdfreadeforandroid.pdfeditorforandroidfree,inapp,removeads,THB,77.00,0.00,77.00,ลาดพร้าว,กรุงเทพมหานคร,10230,TH
GPA.3392-9774-8995-35773,2021-04-27,1619541843,Charged,HWWAS-H,removeads (Pro Compass - Free Compass - Easy Compass),com.compass.compassapp.compassfree,inapp,removeads,CZK,66.11,13.88,79.99,,,,CZ
GPA.3357-4464-1941-41499,2021-04-27,1619546197,Charged,X20,removeads (Pro Compass - Free Compass - Easy Compass),com.compass.compassapp.compassfree,inapp,removeads,CZK,66.11,13.88,79.99,,,,CZ
GPA.3313-0596-7330-62848,2021-04-27,1619549790,Charged,gta4xl,remove all ads forever (PDF Reader - PDF Viewer For Android Free),com.pdfreader.pdfeditor.pdfreadeforandroid.pdfeditorforandroidfree,inapp,removeads,EUR,2.06,0.43,2.49,,,,ES
GPA.3374-8983-8285-21654,2021-04-27,1619553919,Charged,tulip,remove ads sale (Scanner App - PDF Scanner Apps For Free),com.scannerapp.pdfscanner.documentscaner.docscannerappforandroid,inapp,removeadsale,EUR,2.16,0.43,2.59,,,,SK
GPA.3333-3584-1099-16865,2021-04-27,1619554423,Charged,r5q,remove all ads forever (PDF Reader - PDF Viewer For Android Free),com.pdfreader.pdfeditor.pdfreadeforandroid.pdfeditorforandroidfree,inapp,removeads,EUR,2.01,0.38,2.39,,,,DE
GPA.3357-2300-0798-05905,2021-04-27,1619565993,Charged,grandpplte,remove all ads forever (PDF Reader - PDF Viewer For Android Free),com.pdfreader.pdfeditor.pdfreadeforandroid.pdfeditorforandroidfree,inapp,removeads,SAR,9.56,1.43,10.99,,,,SA
GPA.3339-4339-7505-57884,2021-04-28,1619585820,Charged,gt58wifi,"Remove all Ads forever (Currency exchange, Rate exchange & Money exchange)",currency.currencyconverter.currencyexchangeapp,inapp,iapremoveads,USD,2.99,0.00,2.99,Chugiak,AK,99567,US
GPA.3323-9634-3186-42635,2021-04-28,1619605599,Charged,x1s,remove all ads forever (PDF Reader - PDF Viewer For Android Free),com.pdfreader.pdfeditor.pdfreadeforandroid.pdfeditorforandroidfree,inapp,removeads,GBP,1.91,0.38,2.29,,,,GB
GPA.3391-9877-8896-73421,2021-04-28,1619605860,Charged,a21s,remove ads sale (Scanner App - PDF Scanner Apps For Free),com.scannerapp.pdfscanner.documentscaner.docscannerappforandroid,inapp,removeadsale,EUR,2.14,0.45,2.59,,,,NL
GPA.3396-5093-4632-57249,2021-04-28,1619609425,Charged,perseus,remove ads sale (Scanner App - PDF Scanner Apps For Free),com.scannerapp.pdfscanner.documentscaner.docscannerappforandroid,inapp,removeadsale,EUR,2.14,0.45,2.59,,,,ES
GPA.3325-9591-6296-57762,2021-04-28,1619612640,Charged,gtexswifi,remove ads sale (Scanner App - PDF Scanner Apps For Free),com.scannerapp.pdfscanner.documentscaner.docscannerappforandroid,inapp,removeadsale,EUR,2.14,0.45,2.59,,,,BE
GPA.3344-7701-1458-49738,2021-04-28,1619613014,Charged,beyond2,remove ads sale (Scanner App - PDF Scanner Apps For Free),com.scannerapp.pdfscanner.documentscaner.docscannerappforandroid,inapp,removeadsale,EUR,2.09,0.40,2.49,,,,DE
GPA.3310-3883-2053-26133,2021-04-28,1619617482,Charged,greatlte,remove all ads forever (PDF Reader - PDF Viewer For Android Free),com.pdfreader.pdfeditor.pdfreadeforandroid.pdfeditorforandroidfree,inapp,removeads,SAR,9.56,1.43,10.99,Makkeh,,,SA
GPA.3389-0112-8181-87307,2021-04-28,1619626480,Charged,mdh15lm,remove ads sale (Scanner App - PDF Scanner Apps For Free),com.scannerapp.pdfscanner.documentscaner.docscannerappforandroid,inapp,removeadsale,BRL,13.99,0.00,13.99,São Luís,MA,65085306,BR
GPA.3367-0676-0429-75979,2021-04-28,1619638570,Charged,nairo,remove ads sale (Scanner App - PDF Scanner Apps For Free),com.scannerapp.pdfscanner.documentscaner.docscannerappforandroid,inapp,removeadsale,BRL,13.99,0.00,13.99,São Roque,SP,18131510,BR
GPA.3313-1042-7340-06997,2021-04-29,1619659778,Charged,a51,remove all ads forever (PDF Reader - PDF Viewer For Android Free),com.pdfreader.pdfeditor.pdfreadeforandroid.pdfeditorforandroidfree,inapp,removeads,CLP,"1,933.00",367.00,"2,300.00",,,2340000,CL
GPA.3346-7855-1684-03956,2021-04-29,1619661429,Charged,a6plte,removeads (Pro Compass - Free Compass - Easy Compass),com.compass.compassapp.compassfree,inapp,removeads,VND,"69,000.00",0.00,"69,000.00",,,,VN
GPA.3305-2061-6924-43777,2021-04-29,1619661711,Charged,star2qltechn,remove ads sale (Scanner App - PDF Scanner Apps For Free),com.scannerapp.pdfscanner.documentscaner.docscannerappforandroid,inapp,removeadsale,BRL,13.99,0.00,13.99,Anápolis,GO,75113-430,BR
GPA.3352-9168-3323-42317,2021-04-29,1619666188,Charged,HWVOG,removeads (Pro Compass - Free Compass - Easy Compass),com.compass.compassapp.compassfree,inapp,removeads,THB,90.00,0.00,90.00,แขวงบางแค เขตบางแค,กรุงเทพมหานคร,10160,TH
GPA.3367-1464-0001-62591,2021-04-29,1619680909,Charged,d2s,removeads (Pro Compass - Free Compass - Easy Compass),com.compass.compassapp.compassfree,inapp,removeads,THB,90.00,0.00,90.00,คลองสาน,กรุงเทพมหานคร,10600,TH
GPA.3370-4962-4018-83278,2021-04-29,1619707215,Charged,star2qltechn,remove ads sale (Scanner App - PDF Scanner Apps For Free),com.scannerapp.pdfscanner.documentscaner.docscannerappforandroid,inapp,removeadsale,BRL,13.99,0.00,13.99,Campinas,SP,13040145,BR
GPA.3349-8003-5887-40672,2021-04-29,1619718831,Charged,o1s,remove ads sale (Scanner App - PDF Scanner Apps For Free),com.scannerapp.pdfscanner.documentscaner.docscannerappforandroid,inapp,removeadsale,EUR,2.16,0.43,2.59,,,,AT
GPA.3333-3215-3201-81716,2021-04-29,1619720736,Charged,sunny,remove all ads forever (PDF Reader - PDF Viewer For Android Free),com.pdfreader.pdfeditor.pdfreadeforandroid.pdfeditorforandroidfree,inapp,removeads,EUR,2.07,0.42,2.49,,,,FR
GPA.3311-1748-9436-35929,2021-04-29,1619730866,Charged,j6lte,remove all ads forever (PDF Reader - PDF Viewer For Android Free),com.pdfreader.pdfeditor.pdfreadeforandroid.pdfeditorforandroidfree,inapp,removeads,GBP,1.91,0.38,2.29,,,,GB
GPA.3315-2064-4109-01663,2021-04-29,1619732480,Charged,HWFIG-H,remove ads sale (Scanner App - PDF Scanner Apps For Free),com.scannerapp.pdfscanner.documentscaner.docscannerappforandroid,inapp,removeadsale,CRC,"1,600.00",0.00,"1,600.00",San José,,,CR
GPA.3399-0085-1517-02543,2021-04-29,1619736498,Charged,platina,remove ads sale (Scanner App - PDF Scanner Apps For Free),com.scannerapp.pdfscanner.documentscaner.docscannerappforandroid,inapp,removeadsale,BRL,13.99,0.00,13.99,Curitiba,PR,81130000,BR
GPA.3394-8596-2253-52703,2021-04-29,1619737757,Charged,lancelot,remove ads sale (Scanner App - PDF Scanner Apps For Free),com.scannerapp.pdfscanner.documentscaner.docscannerappforandroid,inapp,removeadsale,COP,"9,500.00",0.00,"9,500.00",,,,CO
GPA.3330-1387-2335-50747,2021-04-30,1619754578,Charged,1820,remove all ads forever (PDF Reader - PDF Viewer For Android Free),com.pdfreader.pdfeditor.pdfreadeforandroid.pdfeditorforandroidfree,inapp,removeads,THB,77.00,0.00,77.00,บ้านสร้างแก้ว,สกลนคร,47180,TH
GPA.3383-4918-9338-88730,2021-04-30,1619754659,Charged,gts7xlwifi,remove all ads forever (PDF Reader - PDF Viewer For Android Free),com.pdfreader.pdfeditor.pdfreadeforandroid.pdfeditorforandroidfree,inapp,removeads,EUR,2.01,0.38,2.39,,,,DE
GPA.3393-7712-4779-88455,2021-04-30,1619767389,Refund,SBM801FJ,removeads (Pro Compass - Free Compass - Easy Compass),com.compass.compassapp.compassfree,inapp,removeads,JPY,310.00,0.00,-310.00,,,215-0003,JP
GPA.3395-2235-5440-47864,2021-04-30,1619768313,Charged,beyond1,remove ads sale (Scanner App - PDF Scanner Apps For Free),com.scannerapp.pdfscanner.documentscaner.docscannerappforandroid,inapp,removeadsale,EUR,2.16,0.43,2.59,,,,FR
GPA.3384-2860-4301-34352,2021-04-30,1619795389,Charged,a51,Remove all ads (PDF Converter: Photo To PDF - PDF Maker),com.pdfconverter.imagetopdf.jpgtopdf.pdfconverterforandroid,inapp,removeads,EUR,2.47,0.52,2.99,,,,BE
GPA.3303-7543-1258-71749,2021-04-30,1619807990,Charged,a50,remove ads sale (Scanner App - PDF Scanner Apps For Free),com.scannerapp.pdfscanner.documentscaner.docscannerappforandroid,inapp,removeadsale,CLP,"1,849.00",351.00,"2,200.00",,,,CL
GPA.3326-9543-3514-45193,2021-04-30,1619808160,Charged,HWEVR,remove all ads forever (PDF Reader - PDF Viewer For Android Free),com.pdfreader.pdfeditor.pdfreadeforandroid.pdfeditorforandroidfree,inapp,removeads,EUR,2.07,0.42,2.49,,,,FR
