Order Number,Order Charged Date,Order Charged Timestamp,Financial Status,Device Model,Product Title,Product ID,Product Type,SKU ID,Currency of Sale,Item Price,Taxes Collected,Charged Amount,City of Buyer,State of Buyer,Postal Code of Buyer,Country of Buyer
GPA.3337-6770-6756-24778,2021-03-01,1614559726,Charged,r7,"Remove all Ads forever (Currency exchange, Rate exchange & Money exchange)",currency.currencyconverter.currencyexchangeapp,inapp,iapremoveads,THB,90.00,0.00,90.00,,,,TH
GPA.3305-3597-8599-78269,2021-03-01,1614573190,Charged,d1x,"Remove all Ads forever (Currency exchange, Rate exchange & Money exchange)",currency.currencyconverter.currencyexchangeapp,inapp,iapremoveads,KRW,"3,273.00",327.00,"3,600.00",양천구,서울특별시,08045,KR
GPA.3358-4021-4654-75173,2021-03-01,1614589880,Charged,starlte,Remove all ads (PDF Converter: Photo To PDF - PDF Maker),com.pdfconverter.imagetopdf.jpgtopdf.pdfconverterforandroid,inapp,removeads,EUR,2.43,0.46,2.89,,,,DE
GPA.3380-6493-6178-77639,2021-03-02,1614644494,Charged,ocean,remove all ads forever (PDF Reader - PDF Viewer For Android Free),com.pdfreader.pdfeditor.pdfreadeforandroid.pdfeditorforandroidfree,inapp,removeads,MXN,49.00,0.00,49.00,,,66369,MX
GPA.3389-3106-6601-32545,2021-03-02,1614647737,Charged,a51,"Remove all Ads forever (Currency exchange, Rate exchange & Money exchange)",currency.currencyconverter.currencyexchangeapp,inapp,iapremoveads,AUD,3.90,0.39,4.29,,,6069,AU
GPA.3343-3646-6127-32650,2021-03-02,1614647903,Charged,a71,removeads (Pro Compass - Free Compass - Easy Compass),com.compass.compassapp.compassfree,inapp,removeads,CAD,3.79,0.38,4.17,montreal,QC,H2K 2W5,CA
GPA.3306-3842-8860-19381,2021-03-02,1614680717,Charged,greatlte,removeads (Pro Compass - Free Compass - Easy Compass),com.compass.compassapp.compassfree,inapp,removeads,VND,"69,000.00",0.00,"69,000.00",,,,VN
GPA.3388-9694-7772-68138,2021-03-02,1614692194,Charged,starlte,remove all ads forever (PDF Reader - PDF Viewer For Android Free),com.pdfreader.pdfeditor.pdfreadeforandroid.pdfeditorforandroidfree,inapp,removeads,CHF,2.30,0.00,2.30,Fällanden,,8117,CH
GPA.3364-0823-3495-24391,2021-03-03,1614739597,Charged,a11q,remove all ads forever (PDF Reader - PDF Viewer For Android Free),com.pdfreader.pdfeditor.pdfreadeforandroid.pdfeditorforandroidfree,inapp,removeads,CLP,"1,933.00",367.00,"2,300.00",,,1240000,CL
GPA.3302-0709-4911-03227,2021-03-03,1614753367,Charged,vespa_sprout,removeads (Pro Compass - Free Compass - Easy Compass),com.compass.compassapp.compassfree,inapp,removeads,JPY,310.00,0.00,310.00,,,437―1612,JP
GPA.3305-5767-4664-25631,2021-03-03,1614760015,Charged,U325AC,remove all ads forever (PDF Reader - PDF Viewer For Android Free),com.pdfreader.pdfeditor.pdfreadeforandroid.pdfeditorforandroidfree,inapp,removeads,MXN,49.00,0.00,49.00,,,38300,MX
GPA.3368-5872-8731-05494,2021-03-03,1614761200,Charged,a51,remove all ads forever (PDF Reader - PDF Viewer For Android Free),com.pdfreader.pdfeditor.pdfreadeforandroid.pdfeditorforandroidfree,inapp,removeads,EUR,2.01,0.38,2.39,,,,DE
GPA.3399-4860-9011-54924,2021-03-03,1614784315,Charged,a20e,remove all ads forever (PDF Reader - PDF Viewer For Android Free),com.pdfreader.pdfeditor.pdfreadeforandroid.pdfeditorforandroidfree,inapp,removeads,EUR,2.06,0.43,2.49,,,,ES
GPA.3320-8559-0861-91883,2021-03-03,1614806014,Charged,beyond1q,removeads (Pro Compass - Free Compass - Easy Compass),com.compass.compassapp.compassfree,inapp,removeads,CAD,3.79,0.00,3.79,Vancouver,BC,V6M 2G5,CA
GPA.3379-1751-0731-27127,2021-03-04,1614819880,Charged,SC-03L,removeads (Pro Compass - Free Compass - Easy Compass),com.compass.compassapp.compassfree,inapp,removeads,JPY,310.00,0.00,310.00,,,7500032,JP
GPA.3374-7800-0557-50691,2021-03-04,1614820288,Charged,greatlte,Remove all ads (PDF Converter: Photo To PDF - PDF Maker),com.pdfconverter.imagetopdf.jpgtopdf.pdfconverterforandroid,inapp,removeads,PHP,145.00,0.00,145.00,Malolos,BULACAN,3000,PH
GPA.3366-0610-9957-62350,2021-03-04,1614845687,Charged,SH-53A,removeads (Pro Compass - Free Compass - Easy Compass),com.compass.compassapp.compassfree,inapp,removeads,JPY,310.00,0.00,310.00,,,8115532,JP
GPA.3320-1008-6678-44539,2021-03-04,1614849908,Charged,beyond0,remove all ads forever (PDF Reader - PDF Viewer For Android Free),com.pdfreader.pdfeditor.pdfreadeforandroid.pdfeditorforandroidfree,inapp,removeads,USD,2.49,0.00,2.49,سعد العبدالله,,,KW
GPA.3330-1705-6586-68759,2021-03-04,1614870826,Charged,d2s,removeads (Pro Compass - Free Compass - Easy Compass),com.compass.compassapp.compassfree,inapp,removeads,QAR,11.00,0.00,11.00,,,,QA
GPA.3331-3115-9431-30791,2021-03-04,1614892761,Charged,dreamlte,removeads (Pro Compass - Free Compass - Easy Compass),com.compass.compassapp.compassfree,inapp,removeads,GBP,2.24,0.45,2.69,,,,GB
GPA.3370-4447-1008-68366,2021-03-05,1614909464,Charged,beyond0,remove all ads forever (PDF Reader - PDF Viewer For Android Free),com.pdfreader.pdfeditor.pdfreadeforandroid.pdfeditorforandroidfree,inapp,removeads,MXN,49.00,0.00,49.00,,,32800,MX
GPA.3334-2477-6264-23076,2021-03-05,1614944255,Charged,htc_brepdugl,removeads (Pro Compass - Free Compass - Easy Compass),com.compass.compassapp.compassfree,inapp,removeads,GBP,2.24,0.45,2.69,,,,GB
GPA.3395-5900-7822-48953,2021-03-05,1614975210,Charged,mcv3,Remove all ads (PDF Converter: Photo To PDF - PDF Maker),com.pdfconverter.imagetopdf.jpgtopdf.pdfconverterforandroid,inapp,removeads,BRL,16.99,0.00,16.99,Cascavel,PR,85812040,BR
GPA.3370-9354-6331-67315,2021-03-06,1615000793,Charged,elsa,removeads (Pro Compass - Free Compass - Easy Compass),com.compass.compassapp.compassfree,inapp,removeads,HKD,23.00,0.00,23.00,銅鑼灣,香港島,,HK
GPA.3387-9473-1054-10116,2021-03-06,1615010777,Charged,flame,Remove all ads (PDF Converter: Photo To PDF - PDF Maker),com.pdfconverter.imagetopdf.jpgtopdf.pdfconverterforandroid,inapp,removeads,JPY,320.00,0.00,320.00,,,984-0838,JP
GPA.3366-0622-7469-53016,2021-03-06,1615023154,Charged,m31,removeads (Pro Compass - Free Compass - Easy Compass),com.compass.compassapp.compassfree,inapp,removeads,LKR,575.00,0.00,575.00,Bandaragama,,,LK
GPA.3311-5642-9256-24771,2021-03-06,1615024435,Charged,HWMAR,removeads (Pro Compass - Free Compass - Easy Compass),com.compass.compassapp.compassfree,inapp,removeads,EUR,2.47,0.52,2.99,,,,BE
GPA.3351-7927-7490-74041,2021-03-06,1615038718,Charged,a10,removeads (Pro Compass - Free Compass - Easy Compass),com.compass.compassapp.compassfree,inapp,removeads,CZK,66.11,13.88,79.99,,,,CZ
GPA.3379-2683-7230-29538,2021-03-06,1615050959,Charged,a9y18qlte,remove all ads forever (PDF Reader - PDF Viewer For Android Free),com.pdfreader.pdfeditor.pdfreadeforandroid.pdfeditorforandroidfree,inapp,removeads,BRL,12.99,0.00,12.99,Feira de Santana,BA,44032-174,BR
GPA.3314-7926-3822-56386,2021-03-06,1615056580,Charged,XQ-AU52,removeads (Pro Compass - Free Compass - Easy Compass),com.compass.compassapp.compassfree,inapp,removeads,GBP,2.24,0.45,2.69,,,,GB
GPA.3347-1434-3054-52965,2021-03-06,1615060531,Charged,j4primelte,removeads (Pro Compass - Free Compass - Easy Compass),com.compass.compassapp.compassfree,inapp,removeads,EUR,2.47,0.52,2.99,,,,LT
GPA.3351-2612-6159-86372,2021-03-07,1615080195,Charged,a5xelte,removeads (Pro Compass - Free Compass - Easy Compass),com.compass.compassapp.compassfree,inapp,removeads,EUR,2.51,0.58,3.09,,,,PT
GPA.3365-7856-0948-13943,2021-03-07,1615091742,Charged,a11q,removeads (Pro Compass - Free Compass - Easy Compass),com.compass.compassapp.compassfree,inapp,removeads,USD,2.99,0.00,2.99,Cambodia,,,KH
GPA.3377-4601-7299-85183,2021-03-07,1615095111,Charged,d2s,removeads (Pro Compass - Free Compass - Easy Compass),com.compass.compassapp.compassfree,inapp,removeads,THB,90.00,0.00,90.00,Mo,ปทุมธานี,12150,TH
GPA.3324-7482-4073-01937,2021-03-07,1615102604,Charged,cv109,removeads (Pro Compass - Free Compass - Easy Compass),com.compass.compassapp.compassfree,inapp,removeads,EUR,2.51,0.48,2.99,,,,DE
GPA.3381-4337-9219-30495,2021-03-07,1615103131,Charged,HWPRA-H,remove all ads forever (PDF Reader - PDF Viewer For Android Free),com.pdfreader.pdfeditor.pdfreadeforandroid.pdfeditorforandroidfree,inapp,removeads,EUR,2.06,0.43,2.49,,,,ES
GPA.3326-6542-0839-16249,2021-03-07,1615114079,Charged,a51,remove all ads forever (PDF Reader - PDF Viewer For Android Free),com.pdfreader.pdfeditor.pdfreadeforandroid.pdfeditorforandroidfree,inapp,removeads,THB,77.00,0.00,77.00,ลอนดอนน,พระนครศรีอยุธยา,13170,TH
GPA.3341-2580-2333-66017,2021-03-07,1615117958,Charged,r7,removeads (Pro Compass - Free Compass - Easy Compass),com.compass.compassapp.compassfree,inapp,removeads,THB,90.00,0.00,90.00,เมือง,นนทบุรี,11000,TH
GPA.3378-3087-3329-17900,2021-03-07,1615133757,Charged,star2lte,removeads (Pro Compass - Free Compass - Easy Compass),com.compass.compassapp.compassfree,inapp,removeads,GBP,2.24,0.45,2.69,,,,GB
GPA.3310-9925-4613-19766,2021-03-07,1615149168,Charged,raphael,remove all ads forever (PDF Reader - PDF Viewer For Android Free),com.pdfreader.pdfeditor.pdfreadeforandroid.pdfeditorforandroidfree,inapp,removeads,EUR,2.06,0.43,2.49,,,,ES
GPA.3339-5653-9291-74789,2021-03-07,1615157900,Charged,HWEML,removeads (Pro Compass - Free Compass - Easy Compass),com.compass.compassapp.compassfree,inapp,removeads,EUR,2.51,0.48,2.99,,,,DE
GPA.3360-9253-8653-06154,2021-03-08,1615194897,Charged,joyeuse,Remove all ads (Scanner App - PDF Scanner Apps For Free),com.scannerapp.pdfscanner.documentscaner.docscannerappforandroid,inapp,removeads,EUR,4.50,0.99,5.49,,,,IT
GPA.3355-6846-8710-48759,2021-03-08,1615199318,Charged,p3q,remove all ads forever (PDF Reader - PDF Viewer For Android Free),com.pdfreader.pdfeditor.pdfreadeforandroid.pdfeditorforandroidfree,inapp,removeads,TWD,72.00,4.00,76.00,,,802,TW
GPA.3389-4198-5020-09751,2021-03-08,1615209464,Charged,o1s,Remove all ads (Scanner App - PDF Scanner Apps For Free),com.scannerapp.pdfscanner.documentscaner.docscannerappforandroid,inapp,removeads,NOK,47.20,11.80,59.00,,,,NO
GPA.3368-9657-1847-68951,2021-03-08,1615217362,Charged,bloomq,"Remove all Ads forever (Currency exchange, Rate exchange & Money exchange)",currency.currencyconverter.currencyexchangeapp,inapp,iapremoveads,TWD,84.00,4.00,88.00,,,100,TW
GPA.3387-7911-7183-72763,2021-03-08,1615218334,Charged,r7,removeads (Pro Compass - Free Compass - Easy Compass),com.compass.compassapp.compassfree,inapp,removeads,THB,90.00,0.00,90.00,ตลิ่งชัน,,,TH
GPA.3372-0832-1876-27503,2021-03-08,1615219267,Charged,S95Pro,remove all ads forever (PDF Reader - PDF Viewer For Android Free),com.pdfreader.pdfeditor.pdfreadeforandroid.pdfeditorforandroidfree,inapp,removeads,EUR,2.06,0.43,2.49,,,,ES
GPA.3324-7228-4024-77575,2021-03-08,1615226670,Charged,DRG_sprout,removeads (Pro Compass - Free Compass - Easy Compass),com.compass.compassapp.compassfree,inapp,removeads,LKR,575.00,0.00,575.00,Galgamuwa,,,LK
GPA.3315-4480-4062-61324,2021-03-08,1615229235,Charged,ginna,removeads (Pro Compass - Free Compass - Easy Compass),com.compass.compassapp.compassfree,inapp,removeads,USD,2.99,0.23,3.22,CONROE,TX,77385,US
GPA.3312-4077-8424-52017,2021-03-08,1615229578,Charged,r7,removeads (Pro Compass - Free Compass - Easy Compass),com.compass.compassapp.compassfree,inapp,removeads,THB,90.00,0.00,90.00,ตลิ่งชัน,,,TH
GPA.3377-2141-5470-87500,2021-03-08,1615234379,Charged,crownqltechn,Remove all ads (Scanner App - PDF Scanner Apps For Free),com.scannerapp.pdfscanner.documentscaner.docscannerappforandroid,inapp,removeads,BRL,30.99,0.00,30.99,Francisco Morato,SP,07936150,BR
GPA.3312-7084-7806-28471,2021-03-08,1615235712,Charged,HWVOG,remove all ads forever (PDF Reader - PDF Viewer For Android Free),com.pdfreader.pdfeditor.pdfreadeforandroid.pdfeditorforandroidfree,inapp,removeads,USD,2.49,0.00,2.49,,,,KW
GPA.3327-9238-0711-05679,2021-03-08,1615246046,Charged,SCV48,removeads (Pro Compass - Free Compass - Easy Compass),com.compass.compassapp.compassfree,inapp,removeads,JPY,310.00,0.00,310.00,,,1240023,JP
GPA.3343-0927-0809-57735,2021-03-09,1615267042,Charged,guamp,removeads (Pro Compass - Free Compass - Easy Compass),com.compass.compassapp.compassfree,inapp,removeads,AUD,3.90,0.39,4.29,,,3915,AU
GPA.3346-5623-3939-86617,2021-03-09,1615272797,Charged,a71,"Remove all Ads forever (Currency exchange, Rate exchange & Money exchange)",currency.currencyconverter.currencyexchangeapp,inapp,iapremoveads,GHS,15.00,2.62,17.62,accra,,,GH
GPA.3393-7178-3270-29772,2021-03-09,1615273403,Charged,OnePlus8T,Remove all ads (PDF Converter: Photo To PDF - PDF Maker),com.pdfconverter.imagetopdf.jpgtopdf.pdfconverterforandroid,inapp,removeads,INR,220.34,39.66,260.00,Hayathnagar,Telangana,501505,IN
GPA.3312-6973-6847-22905,2021-03-09,1615277568,Charged,nasa_sprout,removeads (Pro Compass - Free Compass - Easy Compass),com.compass.compassapp.compassfree,inapp,removeads,JPY,310.00,0.00,310.00,,,7370922,JP
GPA.3337-5996-8798-79416,2021-03-09,1615277670,Charged,a20e,removeads (Pro Compass - Free Compass - Easy Compass),com.compass.compassapp.compassfree,inapp,removeads,CZK,66.11,13.88,79.99,,,,CZ
GPA.3371-8781-7491-10962,2021-03-09,1615280646,Charged,sunfish,removeads (Pro Compass - Free Compass - Easy Compass),com.compass.compassapp.compassfree,inapp,removeads,GBP,2.24,0.45,2.69,,,,GB
GPA.3303-9158-5389-45235,2021-03-09,1615307515,Charged,a71,removeads (Pro Compass - Free Compass - Easy Compass),com.compass.compassapp.compassfree,inapp,removeads,EUR,2.49,0.50,2.99,,,,SK
GPA.3372-0556-8570-04475,2021-03-10,1615341572,Charged,a20s,"Remove all Ads forever (Currency exchange, Rate exchange & Money exchange)",currency.currencyconverter.currencyexchangeapp,inapp,iapremoveads,CLP,"2,185.00",415.00,"2,600.00",,,,CL
GPA.3382-7629-3893-21348,2021-03-10,1615346092,Charged,lavender,remove all ads forever (PDF Reader - PDF Viewer For Android Free),com.pdfreader.pdfeditor.pdfreadeforandroid.pdfeditorforandroidfree,inapp,removeads,EUR,2.07,0.42,2.49,,,,FR
GPA.3369-6546-4671-80568,2021-03-10,1615361881,Charged,RMX2170L1,remove all ads forever (PDF Reader - PDF Viewer For Android Free),com.pdfreader.pdfeditor.pdfreadeforandroid.pdfeditorforandroidfree,inapp,removeads,SAR,9.56,1.43,10.99,,,,SA
GPA.3397-1382-4351-93036,2021-03-10,1615370677,Charged,P45 Pro+,removeads (Pro Compass - Free Compass - Easy Compass),com.compass.compassapp.compassfree,inapp,removeads,EUR,2.47,0.52,2.99,,,,BE
GPA.3399-5009-3276-26201,2021-03-10,1615375995,Charged,cattail,removeads (Pro Compass - Free Compass - Easy Compass),com.compass.compassapp.compassfree,inapp,removeads,INR,220.34,39.66,260.00,,,,IN
GPA.3313-8566-2706-47824,2021-03-10,1615384427,Charged,a51,removeads (Pro Compass - Free Compass - Easy Compass),com.compass.compassapp.compassfree,inapp,removeads,THB,90.00,0.00,90.00,,,10800,TH
GPA.3381-3172-9390-93033,2021-03-10,1615385822,Charged,beyond1q,removeads (Pro Compass - Free Compass - Easy Compass),com.compass.compassapp.compassfree,inapp,removeads,CAD,3.79,0.00,3.79,Toronto,ON,M6K 2V4,CA
GPA.3365-5894-3468-17588,2021-03-10,1615390448,Charged,a42xq,Remove all ads (Scanner App - PDF Scanner Apps For Free),com.scannerapp.pdfscanner.documentscaner.docscannerappforandroid,inapp,removeads,EUR,4.57,0.92,5.49,,,,FR
GPA.3343-4387-4997-37461,2021-03-10,1615396689,Charged,blackjack,removeads (Pro Compass - Free Compass - Easy Compass),com.compass.compassapp.compassfree,inapp,removeads,CLP,"2,185.00",415.00,"2,600.00",Antofagasta,Antofagasta,,CL
GPA.3329-3218-4682-17749,2021-03-10,1615416134,Charged,a50,removeads (Pro Compass - Free Compass - Easy Compass),com.compass.compassapp.compassfree,inapp,removeads,INR,220.34,39.66,260.00,Chennai,Tamil Nadu,600076,IN
GPA.3331-7556-0786-13609,2021-03-11,1615428427,Charged,redfin,Remove all ads (PDF Converter: Photo To PDF - PDF Maker),com.pdfconverter.imagetopdf.jpgtopdf.pdfconverterforandroid,inapp,removeads,JPY,320.00,0.00,320.00,,,0301203,JP
GPA.3393-3908-8485-49129,2021-03-11,1615433537,Charged,f2q,remove all ads forever (PDF Reader - PDF Viewer For Android Free),com.pdfreader.pdfeditor.pdfreadeforandroid.pdfeditorforandroidfree,inapp,removeads,AED,9.32,0.47,9.79,,أبو ظبي,,AE
GPA.3333-4815-7164-56848,2021-03-11,1615442229,Charged,judyln,removeads (Pro Compass - Free Compass - Easy Compass),com.compass.compassapp.compassfree,inapp,removeads,USD,2.99,0.21,3.20,CARY,NC,27513,US
GPA.3384-0192-3746-26650,2021-03-11,1615468074,Charged,cebu,remove all ads forever (PDF Reader - PDF Viewer For Android Free),com.pdfreader.pdfeditor.pdfreadeforandroid.pdfeditorforandroidfree,inapp,removeads,CLP,"1,933.00",367.00,"2,300.00",,,,CL
GPA.3308-7664-7105-95732,2021-03-11,1615476554,Charged,y2s,Remove all ads (Scanner App - PDF Scanner Apps For Free),com.scannerapp.pdfscanner.documentscaner.docscannerappforandroid,inapp,removeads,EUR,4.54,0.95,5.49,,,,NL
GPA.3339-3786-7409-22263,2021-03-11,1615497137,Charged,a71,"Remove all Ads forever (Currency exchange, Rate exchange & Money exchange)",currency.currencyconverter.currencyexchangeapp,inapp,iapremoveads,GHS,15.00,2.62,17.62,Accra,,,GH
GPA.3352-3015-5369-33469,2021-03-11,1615497582,Charged,c2s,"Remove all Ads forever (Currency exchange, Rate exchange & Money exchange)",currency.currencyconverter.currencyexchangeapp,inapp,iapremoveads,GHS,15.00,2.62,17.62,Accra,,,GH
GPA.3387-6675-9560-25676,2021-03-11,1615497753,Charged,c2s,remove all ads forever (PDF Reader - PDF Viewer For Android Free),com.pdfreader.pdfeditor.pdfreadeforandroid.pdfeditorforandroidfree,inapp,removeads,EUR,2.06,0.43,2.49,,,,ES
GPA.3396-9601-6465-78909,2021-03-12,1615546218,Charged,1901,"Remove all Ads forever (Currency exchange, Rate exchange & Money exchange)",currency.currencyconverter.currencyexchangeapp,inapp,iapremoveads,THB,90.00,0.00,90.00,,,,TH
GPA.3328-0516-2288-10682,2021-03-12,1615562886,Charged,SOV35,Remove all ads (PDF Converter: Photo To PDF - PDF Maker),com.pdfconverter.imagetopdf.jpgtopdf.pdfconverterforandroid,inapp,removeads,JPY,320.00,0.00,320.00,,,0100201,JP
GPA.3327-7597-0728-11443,2021-03-12,1615566160,Charged,a10,removeads (Pro Compass - Free Compass - Easy Compass),com.compass.compassapp.compassfree,inapp,removeads,EUR,2.49,0.50,2.99,,,,FR
GPA.3378-2013-2902-16853,2021-03-12,1615568412,Charged,OP4EFDL1,Remove all ads (PDF Converter: Photo To PDF - PDF Maker),com.pdfconverter.imagetopdf.jpgtopdf.pdfconverterforandroid,inapp,removeads,MXN,65.00,0.00,65.00,,,27016,MX
GPA.3371-4631-0772-67131,2021-03-12,1615589713,Charged,HWSNE,remove all ads forever (PDF Reader - PDF Viewer For Android Free),com.pdfreader.pdfeditor.pdfreadeforandroid.pdfeditorforandroidfree,inapp,removeads,MXN,49.00,0.00,49.00,,,36720,MX
GPA.3389-7367-7457-45058,2021-03-13,1615598790,Charged,d-41A,remove all ads forever (PDF Reader - PDF Viewer For Android Free),com.pdfreader.pdfeditor.pdfreadeforandroid.pdfeditorforandroidfree,inapp,removeads,JPY,270.00,0.00,270.00,栃木県 鹿沼市 万町,栃木県,3220043,JP
GPA.3362-3614-4395-06652,2021-03-13,1615606970,Charged,z3q,"Remove all Ads forever (Currency exchange, Rate exchange & Money exchange)",currency.currencyconverter.currencyexchangeapp,inapp,iapremoveads,USD,2.99,0.00,2.99,UNINCORPORATED,CA,92395,US
GPA.3373-9611-9239-31337,2021-03-13,1615621641,Charged,SBM801FJ,removeads (Pro Compass - Free Compass - Easy Compass),com.compass.compassapp.compassfree,inapp,removeads,JPY,310.00,0.00,310.00,,,4280008,JP
GPA.3392-6081-8605-18469,2021-03-13,1615672315,Charged,greatqltecs,Remove all ads (PDF Converter: Photo To PDF - PDF Maker),com.pdfconverter.imagetopdf.jpgtopdf.pdfconverterforandroid,inapp,removeads,CAD,3.79,0.00,3.79,Vancouver,BC,V5M 4T8,CA
GPA.3351-3433-6148-33473,2021-03-13,1615673493,Charged,merlin,remove all ads forever (PDF Reader - PDF Viewer For Android Free),com.pdfreader.pdfeditor.pdfreadeforandroid.pdfeditorforandroidfree,inapp,removeads,CLP,"1,933.00",367.00,"2,300.00",Viña,V REGIÓN DE VALPARAÍSO,,CL
GPA.3358-7724-9022-54868,2021-03-14,1615681734,Charged,on7xelte,remove all ads forever (PDF Reader - PDF Viewer For Android Free),com.pdfreader.pdfeditor.pdfreadeforandroid.pdfeditorforandroidfree,inapp,removeads,CLP,"1,933.00",367.00,"2,300.00",,,7165651,CL
GPA.3315-7279-7015-02400,2021-03-14,1615716891,Charged,crosshatch,removeads (Pro Compass - Free Compass - Easy Compass),com.compass.compassapp.compassfree,inapp,removeads,JPY,310.00,0.00,310.00,,,4870035,JP
GPA.3352-5629-5948-10304,2021-03-14,1615728775,Charged,OP4B80L1,remove all ads forever (PDF Reader - PDF Viewer For Android Free),com.pdfreader.pdfeditor.pdfreadeforandroid.pdfeditorforandroidfree,inapp,removeads,EUR,2.07,0.42,2.49,,,,FR
GPA.3387-8796-7763-74074,2021-03-15,1615783777,Charged,HWDUB-Q,removeads (Pro Compass - Free Compass - Easy Compass),com.compass.compassapp.compassfree,inapp,removeads,AUD,3.90,0.39,4.29,,,4352,AU
GPA.3322-6409-0207-00453,2021-03-15,1615798094,Charged,HWMAR,remove all ads forever (PDF Reader - PDF Viewer For Android Free),com.pdfreader.pdfeditor.pdfreadeforandroid.pdfeditorforandroidfree,inapp,removeads,SAR,9.56,1.43,10.99,,,,SA
GPA.3309-3566-5522-14885,2021-03-15,1615800159,Charged,merlin,"Remove all Ads forever (Currency exchange, Rate exchange & Money exchange)",currency.currencyconverter.currencyexchangeapp,inapp,iapremoveads,GEL,9.00,0.00,9.00,საჩხერე,,,GE
GPA.3341-5385-8165-02176,2021-03-15,1615801786,Charged,j6lte,Remove all ads (PDF Converter: Photo To PDF - PDF Maker),com.pdfconverter.imagetopdf.jpgtopdf.pdfconverterforandroid,inapp,removeads,EUR,2.49,0.50,2.99,,,,FR
GPA.3334-7512-9905-30225,2021-03-15,1615805883,Charged,a21s,remove all ads forever (PDF Reader - PDF Viewer For Android Free),com.pdfreader.pdfeditor.pdfreadeforandroid.pdfeditorforandroidfree,inapp,removeads,GBP,1.91,0.38,2.29,,,,GB
GPA.3390-6679-9891-24098,2021-03-15,1615819294,Charged,a20,remove all ads forever (PDF Reader - PDF Viewer For Android Free),com.pdfreader.pdfeditor.pdfreadeforandroid.pdfeditorforandroidfree,inapp,removeads,AUD,3.45,0.34,3.79,,,6030,AU
GPA.3310-4124-8749-76822,2021-03-15,1615819866,Charged,star2qltechn,Remove all ads (PDF Converter: Photo To PDF - PDF Maker),com.pdfconverter.imagetopdf.jpgtopdf.pdfconverterforandroid,inapp,removeads,BRL,16.99,0.00,16.99,Caldas Novas,GO,75680092,BR
GPA.3380-9126-0570-11932,2021-03-15,1615819924,Charged,lancelot,remove all ads forever (PDF Reader - PDF Viewer For Android Free),com.pdfreader.pdfeditor.pdfreadeforandroid.pdfeditorforandroidfree,inapp,removeads,CLP,"1,933.00",367.00,"2,300.00",Rancagua,O'HIGGINS,,CL
GPA.3358-4625-3361-85630,2021-03-15,1615820859,Charged,HWCAN,remove all ads forever (PDF Reader - PDF Viewer For Android Free),com.pdfreader.pdfeditor.pdfreadeforandroid.pdfeditorforandroidfree,inapp,removeads,EUR,2.06,0.43,2.49,,,,BE
GPA.3373-5434-1628-59141,2021-03-15,1615834877,Charged,d2xq,remove all ads forever (PDF Reader - PDF Viewer For Android Free),com.pdfreader.pdfeditor.pdfreadeforandroid.pdfeditorforandroidfree,inapp,removeads,USD,2.49,0.00,2.49,,,,KW
GPA.3324-1528-2140-12156,2021-03-15,1615837748,Charged,beyond2,removeads (Pro Compass - Free Compass - Easy Compass),com.compass.compassapp.compassfree,inapp,removeads,THB,90.00,0.00,90.00,,,19400,TH
GPA.3331-3244-0009-48425,2021-03-15,1615850031,Charged,CPH1823,remove all ads forever (PDF Reader - PDF Viewer For Android Free),com.pdfreader.pdfeditor.pdfreadeforandroid.pdfeditorforandroidfree,inapp,removeads,SAR,9.56,1.43,10.99,,,,SA
GPA.3321-3564-9683-70322,2021-03-16,1615878436,Charged,OnePlus7,remove all ads forever (PDF Reader - PDF Viewer For Android Free),com.pdfreader.pdfeditor.pdfreadeforandroid.pdfeditorforandroidfree,inapp,removeads,EUR,2.01,0.38,2.39,,,,DE
GPA.3318-5798-3062-19196,2021-03-16,1615883548,Charged,HWCOL,Remove all ads (PDF Converter: Photo To PDF - PDF Maker),com.pdfconverter.imagetopdf.jpgtopdf.pdfconverterforandroid,inapp,removeads,EUR,2.43,0.46,2.89,,,,DE
GPA.3300-7135-5017-31144,2021-03-16,1615895813,Charged,merlin,remove all ads forever (PDF Reader - PDF Viewer For Android Free),com.pdfreader.pdfeditor.pdfreadeforandroid.pdfeditorforandroidfree,inapp,removeads,CLP,"1,933.00",367.00,"2,300.00",Providencia,REGIÓN METROPOLITANA,7500784,CL
GPA.3307-8510-2289-78517,2021-03-16,1615898807,Charged,troika,Remove all ads (Scanner App - PDF Scanner Apps For Free),com.scannerapp.pdfscanner.documentscaner.docscannerappforandroid,inapp,removeads,USD,5.49,0.35,5.84,ENFIELD,CT,06082,US
GPA.3394-7835-9891-57745,2021-03-16,1615900969,Charged,a20e,removeads (Pro Compass - Free Compass - Easy Compass),com.compass.compassapp.compassfree,inapp,removeads,GBP,2.24,0.45,2.69,,,,GB
GPA.3375-4919-3987-47720,2021-03-16,1615905779,Charged,beyond2,Remove all ads (Scanner App - PDF Scanner Apps For Free),com.scannerapp.pdfscanner.documentscaner.docscannerappforandroid,inapp,removeads,HRK,34.40,8.60,43.00,,,,HR
GPA.3380-7567-9954-97222,2021-03-16,1615917204,Charged,beyond1,removeads (Pro Compass - Free Compass - Easy Compass),com.compass.compassapp.compassfree,inapp,removeads,EUR,2.51,0.48,2.99,,,,DE
GPA.3398-6817-0765-81189,2021-03-17,1615944319,Charged,starlte,removeads (Pro Compass - Free Compass - Easy Compass),com.compass.compassapp.compassfree,inapp,removeads,AUD,3.90,0.39,4.29,,,5051,AU
GPA.3348-8480-8265-62101,2021-03-17,1615954671,Charged,OP4C7D,"Remove all Ads forever (Currency exchange, Rate exchange & Money exchange)",currency.currencyconverter.currencyexchangeapp,inapp,iapremoveads,USD,2.99,0.00,2.99,ສີສັດຕະນາກ,,01000,LA
GPA.3355-0083-0408-00071,2021-03-17,1615962621,Charged,merlin,remove all ads forever (PDF Reader - PDF Viewer For Android Free),com.pdfreader.pdfeditor.pdfreadeforandroid.pdfeditorforandroidfree,inapp,removeads,MXN,49.00,0.00,49.00,Zapopan,JAL.,45040,MX
GPA.3316-9713-2844-69890,2021-03-17,1615968390,Charged,nicklaus_f,remove all ads forever (PDF Reader - PDF Viewer For Android Free),com.pdfreader.pdfeditor.pdfreadeforandroid.pdfeditorforandroidfree,inapp,removeads,MXN,49.00,0.00,49.00,,,93400,MX
GPA.3316-9713-2844-69890,2021-03-17,1615969040,Refund,nicklaus_f,remove all ads forever (PDF Reader - PDF Viewer For Android Free),com.pdfreader.pdfeditor.pdfreadeforandroid.pdfeditorforandroidfree,inapp,removeads,MXN,49.00,0.00,-49.00,,,93400,MX
GPA.3373-7340-0639-39619,2021-03-17,1615975808,Charged,star2lte,remove all ads forever (PDF Reader - PDF Viewer For Android Free),com.pdfreader.pdfeditor.pdfreadeforandroid.pdfeditorforandroidfree,inapp,removeads,CHF,2.30,0.00,2.30,Gossau,,9200,CH
GPA.3334-8712-1015-54499,2021-03-17,1615995526,Charged,a41,removeads (Pro Compass - Free Compass - Easy Compass),com.compass.compassapp.compassfree,inapp,removeads,EUR,2.51,0.48,2.99,,,,DE
GPA.3327-4770-9654-02954,2021-03-17,1615998943,Charged,I3113,removeads (Pro Compass - Free Compass - Easy Compass),com.compass.compassapp.compassfree,inapp,removeads,GBP,2.24,0.45,2.69,,,,GB
GPA.3379-9447-8880-66924,2021-03-17,1615999598,Charged,lucye,removeads (Pro Compass - Free Compass - Easy Compass),com.compass.compassapp.compassfree,inapp,removeads,CAD,3.79,0.00,3.79,Moncton,NB,E1A 5J4,CA
GPA.3311-9886-9045-26716,2021-03-17,1616006232,Charged,x1q,Remove all ads (Scanner App - PDF Scanner Apps For Free),com.scannerapp.pdfscanner.documentscaner.docscannerappforandroid,inapp,removeads,USD,5.49,0.00,5.49,Goose Creek,SC,29445,US
GPA.3380-7245-4905-00797,2021-03-17,1616006282,Charged,gta3xl,removeads (Pro Compass - Free Compass - Easy Compass),com.compass.compassapp.compassfree,inapp,removeads,EUR,2.49,0.60,3.09,,,,FI
GPA.3387-1547-9633-95457,2021-03-18,1616027339,Charged,XQ-AU52,removeads (Pro Compass - Free Compass - Easy Compass),com.compass.compassapp.compassfree,inapp,removeads,GBP,2.24,0.45,2.69,,,,GB
GPA.3359-6059-0300-92038,2021-03-18,1616028358,Charged,a02,removeads (Pro Compass - Free Compass - Easy Compass),com.compass.compassapp.compassfree,inapp,removeads,THB,90.00,0.00,90.00,,,,TH
GPA.3394-8347-4718-97444,2021-03-18,1616028919,Charged,begonia,remove all ads forever (PDF Reader - PDF Viewer For Android Free),com.pdfreader.pdfeditor.pdfreadeforandroid.pdfeditorforandroidfree,inapp,removeads,MXN,49.00,0.00,49.00,,,52156,MX
GPA.3328-5857-6484-12932,2021-03-18,1616029592,Charged,r7,"Remove all Ads forever (Currency exchange, Rate exchange & Money exchange)",currency.currencyconverter.currencyexchangeapp,inapp,iapremoveads,TWD,84.00,4.00,88.00,,,709,TW
GPA.3372-7452-1203-79340,2021-03-18,1616038996,Charged,xcoverpro,Remove all ads (Scanner App - PDF Scanner Apps For Free),com.scannerapp.pdfscanner.documentscaner.docscannerappforandroid,inapp,removeads,EUR,4.57,0.92,5.49,,,,FR
GPA.3312-9326-4258-30148,2021-03-18,1616073332,Charged,beyond1,removeads (Pro Compass - Free Compass - Easy Compass),com.compass.compassapp.compassfree,inapp,removeads,SEK,25.60,6.40,32.00,,,,SE
GPA.3307-6061-4940-67217,2021-03-18,1616074300,Charged,2025,remove all ads forever (PDF Reader - PDF Viewer For Android Free),com.pdfreader.pdfeditor.pdfreadeforandroid.pdfeditorforandroidfree,inapp,removeads,THB,77.00,0.00,77.00,สายไหม,กรุงเทพมหานคร,10220,TH
GPA.3387-0151-1076-30980,2021-03-18,1616091660,Charged,crownqltesq,Remove all ads (Scanner App - PDF Scanner Apps For Free),com.scannerapp.pdfscanner.documentscaner.docscannerappforandroid,inapp,removeads,USD,5.49,0.63,6.12,Cayey,,00737,PR
GPA.3368-4380-8291-09847,2021-03-19,1616130690,Charged,HWSNE,Remove all ads (PDF Converter: Photo To PDF - PDF Maker),com.pdfconverter.imagetopdf.jpgtopdf.pdfconverterforandroid,inapp,removeads,MXN,65.00,0.00,65.00,,,80059,MX
GPA.3359-6112-4107-16619,2021-03-19,1616138295,Charged,dreamlte,Remove all ads (Scanner App - PDF Scanner Apps For Free),com.scannerapp.pdfscanner.documentscaner.docscannerappforandroid,inapp,removeads,CZK,57.84,12.15,69.99,,,,CZ
GPA.3305-5517-8081-70648,2021-03-19,1616141622,Charged,starqltechn,Remove all ads (Scanner App - PDF Scanner Apps For Free),com.scannerapp.pdfscanner.documentscaner.docscannerappforandroid,inapp,removeads,BRL,13.99,0.00,13.99,Fernandópolis,SP,15600000,BR
GPA.3340-6786-2158-63199,2021-03-19,1616146044,Charged,a21s,removeads (Pro Compass - Free Compass - Easy Compass),com.compass.compassapp.compassfree,inapp,removeads,EUR,2.13,0.38,2.51,,,,MT
GPA.3366-6281-0869-68576,2021-03-19,1616158141,Charged,guam,Remove all ads (Scanner App - PDF Scanner Apps For Free),com.scannerapp.pdfscanner.documentscaner.docscannerappforandroid,inapp,removeads,BRL,13.99,0.00,13.99,Macapá,AP,68909837,BR
GPA.3333-4387-6089-47750,2021-03-19,1616170250,Charged,a50,removeads (Pro Compass - Free Compass - Easy Compass),com.compass.compassapp.compassfree,inapp,removeads,GHS,15.00,2.62,17.62,Katamansu,,,GH
GPA.3302-9038-5036-56721,2021-03-19,1616171086,Charged,HWMAR,removeads (Pro Compass - Free Compass - Easy Compass),com.compass.compassapp.compassfree,inapp,removeads,CRC,"1,800.00",0.00,"1,800.00",Montes de Oca,SAN JOSE,1350,CR
GPA.3347-6827-1005-61365,2021-03-19,1616193056,Charged,odessa,Remove all ads (PDF Converter: Photo To PDF - PDF Maker),com.pdfconverter.imagetopdf.jpgtopdf.pdfconverterforandroid,inapp,removeads,BRL,16.99,0.00,16.99,Cotia,SP,06703-135,BR
GPA.3339-4714-0360-10625,2021-03-20,1616215421,Charged,HWJAT-M,removeads (Pro Compass - Free Compass - Easy Compass),com.compass.compassapp.compassfree,inapp,removeads,THB,90.00,0.00,90.00,,,10270,TH
GPA.3379-3216-8760-07627,2021-03-20,1616219026,Charged,r8q,remove all ads forever (PDF Reader - PDF Viewer For Android Free),com.pdfreader.pdfeditor.pdfreadeforandroid.pdfeditorforandroidfree,inapp,removeads,USD,2.49,0.00,2.49,LOS ANGELES,CA,90008,US
GPA.3388-6189-9786-21707,2021-03-20,1616227393,Charged,E6833,Remove all ads (Scanner App - PDF Scanner Apps For Free),com.scannerapp.pdfscanner.documentscaner.docscannerappforandroid,inapp,removeads,EUR,2.18,0.41,2.59,,,,DE
GPA.3359-6381-9683-76502,2021-03-20,1616243216,Charged,DDV_sprout,removeads (Pro Compass - Free Compass - Easy Compass),com.compass.compassapp.compassfree,inapp,removeads,KES,300.00,0.00,300.00,Nairobi,,34849,KE
GPA.3377-6749-0966-15379,2021-03-20,1616250368,Charged,merlin,remove all ads forever (PDF Reader - PDF Viewer For Android Free),com.pdfreader.pdfeditor.pdfreadeforandroid.pdfeditorforandroidfree,inapp,removeads,CLP,"1,933.00",367.00,"2,300.00",,,,CL
GPA.3347-6160-3808-93388,2021-03-20,1616258305,Charged,a10,removeads (Pro Compass - Free Compass - Easy Compass),com.compass.compassapp.compassfree,inapp,removeads,CAD,3.79,0.38,4.17,Hérouxville,QC,G0X1J0,CA
GPA.3305-4522-2744-74772,2021-03-20,1616259111,Charged,mdh35lm,remove all ads forever (PDF Reader - PDF Viewer For Android Free),com.pdfreader.pdfeditor.pdfreadeforandroid.pdfeditorforandroidfree,inapp,removeads,CLP,"1,933.00",367.00,"2,300.00",,,,CL
GPA.3332-0888-9293-50200,2021-03-20,1616273630,Charged,cmi,"Remove all Ads forever (Currency exchange, Rate exchange & Money exchange)",currency.currencyconverter.currencyexchangeapp,inapp,iapremoveads,AUD,3.90,0.39,4.29,,,3023,AU
GPA.3319-5360-5065-46894,2021-03-20,1616278322,Charged,evert_n,removeads (Pro Compass - Free Compass - Easy Compass),com.compass.compassapp.compassfree,inapp,removeads,EUR,2.51,0.48,2.99,,,,DE
GPA.3366-3339-3498-00936,2021-03-20,1616279492,Charged,beyond1,remove all ads forever (PDF Reader - PDF Viewer For Android Free),com.pdfreader.pdfeditor.pdfreadeforandroid.pdfeditorforandroidfree,inapp,removeads,MXN,49.00,0.00,49.00,San Nicolas De Los Garza,N.L.,66484,MX
GPA.3384-9657-3474-09464,2021-03-21,1616308034,Charged,A60Pro,removeads (Pro Compass - Free Compass - Easy Compass),com.compass.compassapp.compassfree,inapp,removeads,EUR,2.53,0.56,3.09,,,,IT
GPA.3328-0199-7245-43412,2021-03-21,1616324519,Charged,a70q,removeads (Pro Compass - Free Compass - Easy Compass),com.compass.compassapp.compassfree,inapp,removeads,HUF,865.00,234.00,"1,099.00",,,,HU
GPA.3347-2096-6758-93675,2021-03-21,1616332323,Charged,starlte,Remove all ads (Scanner App - PDF Scanner Apps For Free),com.scannerapp.pdfscanner.documentscaner.docscannerappforandroid,inapp,removeads,EUR,2.16,0.43,2.59,,,,FR
GPA.3398-7091-5250-41164,2021-03-21,1616346854,Charged,OnePlus3T,remove ads sale (Scanner App - PDF Scanner Apps For Free),com.scannerapp.pdfscanner.documentscaner.docscannerappforandroid,inapp,removeadsale,EUR,2.09,0.40,2.49,,,,DE
GPA.3348-4803-9236-90339,2021-03-21,1616350812,Charged,beyond0,remove ads sale (Scanner App - PDF Scanner Apps For Free),com.scannerapp.pdfscanner.documentscaner.docscannerappforandroid,inapp,removeadsale,EUR,2.16,0.43,2.59,,,,FR
GPA.3322-6758-0330-42875,2021-03-21,1616351437,Charged,SC-02M,removeads (Pro Compass - Free Compass - Easy Compass),com.compass.compassapp.compassfree,inapp,removeads,JPY,310.00,0.00,310.00,,,824-0005,JP
GPA.3308-7369-7611-49281,2021-03-21,1616354695,Charged,zerolte,removeads (Pro Compass - Free Compass - Easy Compass),com.compass.compassapp.compassfree,inapp,removeads,GBP,2.24,0.45,2.69,,,,GB
GPA.3330-1025-7303-89484,2021-03-21,1616364084,Charged,beyond1,remove all ads forever (PDF Reader - PDF Viewer For Android Free),com.pdfreader.pdfeditor.pdfreadeforandroid.pdfeditorforandroidfree,inapp,removeads,EUR,2.12,0.47,2.59,,,,IT
GPA.3370-6742-3374-15288,2021-03-22,1616398371,Charged,a71,removeads (Pro Compass - Free Compass - Easy Compass),com.compass.compassapp.compassfree,inapp,removeads,THB,90.00,0.00,90.00,,,25110,TH
GPA.3339-5249-7014-28111,2021-03-22,1616407467,Charged,a71,remove all ads forever (PDF Reader - PDF Viewer For Android Free),com.pdfreader.pdfeditor.pdfreadeforandroid.pdfeditorforandroidfree,inapp,removeads,EUR,2.06,0.43,2.49,,,,BE
GPA.3303-3952-4836-03756,2021-03-22,1616418729,Charged,greatlte,removeads (Pro Compass - Free Compass - Easy Compass),com.compass.compassapp.compassfree,inapp,removeads,INR,220.34,39.66,260.00,Kottukal,Kerala,695501,IN
GPA.3395-4111-1379-89648,2021-03-22,1616419068,Charged,j8y18lte,remove ads sale (Scanner App - PDF Scanner Apps For Free),com.scannerapp.pdfscanner.documentscaner.docscannerappforandroid,inapp,removeadsale,BRL,13.99,0.00,13.99,São Luís,MA,65053720,BR
GPA.3320-0897-0598-51534,2021-03-22,1616422846,Charged,OP4B65L1,remove ads sale (Scanner App - PDF Scanner Apps For Free),com.scannerapp.pdfscanner.documentscaner.docscannerappforandroid,inapp,removeadsale,EUR,2.16,0.43,2.59,,,,FR
GPA.3351-3439-2387-02677,2021-03-22,1616425033,Charged,HWCLT,remove ads sale (Scanner App - PDF Scanner Apps For Free),com.scannerapp.pdfscanner.documentscaner.docscannerappforandroid,inapp,removeadsale,CAD,3.19,0.32,3.51,Ste beatrix,QC,J0K1Y0,CA
GPA.3324-0989-2139-00447,2021-03-22,1616425176,Charged,c1s,remove all ads forever (PDF Reader - PDF Viewer For Android Free),com.pdfreader.pdfeditor.pdfreadeforandroid.pdfeditorforandroidfree,inapp,removeads,EUR,2.07,0.42,2.49,,,,FR
GPA.3301-9770-6525-46919,2021-03-22,1616441948,Charged,lima,"Remove all Ads forever (Currency exchange, Rate exchange & Money exchange)",currency.currencyconverter.currencyexchangeapp,inapp,iapremoveads,USD,2.99,0.00,2.99,WARTHEN,GA,31094,US
GPA.3328-5868-1926-35366,2021-03-22,1616442220,Charged,a20e,remove all ads forever (PDF Reader - PDF Viewer For Android Free),com.pdfreader.pdfeditor.pdfreadeforandroid.pdfeditorforandroidfree,inapp,removeads,EUR,2.06,0.43,2.49,,,,ES
GPA.3362-2226-0055-06116,2021-03-22,1616449531,Charged,bloomq,removeads (Pro Compass - Free Compass - Easy Compass),com.compass.compassapp.compassfree,inapp,removeads,GBP,2.24,0.45,2.69,,,,GB
GPA.3371-0644-6980-44965,2021-03-22,1616454830,Charged,racer,remove all ads forever (PDF Reader - PDF Viewer For Android Free),com.pdfreader.pdfeditor.pdfreadeforandroid.pdfeditorforandroidfree,inapp,removeads,MXN,49.00,0.00,49.00,Morelia,MICH.,58270,MX
GPA.3383-3607-1315-38170,2021-03-23,1616480872,Charged,j7elte,removeads (Pro Compass - Free Compass - Easy Compass),com.compass.compassapp.compassfree,inapp,removeads,INR,220.34,39.66,260.00,Banga,Punjab,144505,IN
GPA.3368-8595-2297-04761,2021-03-23,1616517902,Charged,a21s,"Remove all Ads forever (Currency exchange, Rate exchange & Money exchange)",currency.currencyconverter.currencyexchangeapp,inapp,iapremoveads,GHS,15.00,2.62,17.62,Kasoa,,,GH
GPA.3334-9672-4521-25248,2021-03-23,1616518189,Charged,doha,Remove all ads (PDF Converter: Photo To PDF - PDF Maker),com.pdfconverter.imagetopdf.jpgtopdf.pdfconverterforandroid,inapp,removeads,MXN,65.00,0.00,65.00,,,64100,MX
GPA.3360-8434-8194-22036,2021-03-23,1616538267,Charged,p3s,removeads (Pro Compass - Free Compass - Easy Compass),com.compass.compassapp.compassfree,inapp,removeads,EUR,2.47,0.52,2.99,,,,BE
GPA.3308-8678-9017-20445,2021-03-24,1616560089,Charged,coral_cheets,remove all ads forever (PDF Reader - PDF Viewer For Android Free),com.pdfreader.pdfeditor.pdfreadeforandroid.pdfeditorforandroidfree,inapp,removeads,CAD,3.29,0.03,3.32,Calgary,AB,T1Y4G4,CA
GPA.3394-0653-2080-41291,2021-03-24,1616565611,Charged,EasyTAB8MPCS,"Remove all Ads forever (Currency exchange, Rate exchange & Money exchange)",currency.currencyconverter.currencyexchangeapp,inapp,iapremoveads,USD,2.99,0.00,2.99,HAWTHORNE,CA,90250,US
GPA.3359-4290-4264-71627,2021-03-24,1616567863,Charged,a12,removeads (Pro Compass - Free Compass - Easy Compass),com.compass.compassapp.compassfree,inapp,removeads,USD,2.99,0.00,2.99,Brod,,74450,BA
GPA.3310-0540-4871-54858,2021-03-24,1616568654,Charged,a20e,remove ads sale (Scanner App - PDF Scanner Apps For Free),com.scannerapp.pdfscanner.documentscaner.docscannerappforandroid,inapp,removeadsale,USD,2.56,0.22,2.78,,,,RE
GPA.3360-5433-0750-08565,2021-03-24,1616568987,Charged,j7toplteskt,removeads (Pro Compass - Free Compass - Easy Compass),com.compass.compassapp.compassfree,inapp,removeads,KRW,"3,364.00",336.00,"3,700.00",,,18628,KR
GPA.3359-6578-8409-78361,2021-03-24,1616572236,Charged,z3s,remove all ads forever (PDF Reader - PDF Viewer For Android Free),com.pdfreader.pdfeditor.pdfreadeforandroid.pdfeditorforandroidfree,inapp,removeads,SAR,9.56,1.43,10.99,الطائف,,21944,SA
GPA.3310-7837-5140-86850,2021-03-24,1616574377,Charged,tablet,removeads (Pro Compass - Free Compass - Easy Compass),com.compass.compassapp.compassfree,inapp,removeads,EUR,2.49,0.50,2.99,,,,FR
GPA.3372-4345-2945-05832,2021-03-24,1616577209,Charged,curtana,remove all ads forever (PDF Reader - PDF Viewer For Android Free),com.pdfreader.pdfeditor.pdfreadeforandroid.pdfeditorforandroidfree,inapp,removeads,MXN,49.00,0.00,49.00,Cd. Obregon,SON.,85136,MX
GPA.3335-8945-8598-04676,2021-03-24,1616589213,Charged,HWSLA-Q,removeads (Pro Compass - Free Compass - Easy Compass),com.compass.compassapp.compassfree,inapp,removeads,EUR,2.47,0.52,2.99,,,,LV
GPA.3337-8434-2316-53797,2021-03-24,1616593524,Charged,j3xltebmc,remove ads sale (Scanner App - PDF Scanner Apps For Free),com.scannerapp.pdfscanner.documentscaner.docscannerappforandroid,inapp,removeadsale,CAD,3.19,0.00,3.19,Thunder Bay,ON,P7B 6L4,CA
GPA.3383-3607-1315-38170,2021-03-24,1616599553,Refund,j7elte,removeads (Pro Compass - Free Compass - Easy Compass),com.compass.compassapp.compassfree,inapp,removeads,INR,220.34,-27.46,-260.00,Banga,Punjab,144505,IN
GPA.3374-2523-6160-85521,2021-03-24,1616606223,Charged,d2q,"Remove all Ads forever (Currency exchange, Rate exchange & Money exchange)",currency.currencyconverter.currencyexchangeapp,inapp,iapremoveads,USD,2.99,0.00,2.99,Sun Valley,CA,91352,US
GPA.3301-0543-8142-96149,2021-03-24,1616606339,Charged,a6lte,removeads (Pro Compass - Free Compass - Easy Compass),com.compass.compassapp.compassfree,inapp,removeads,EUR,2.51,0.48,2.99,,,,DE
GPA.3369-0000-8492-47060,2021-03-24,1616616769,Charged,c1s,remove all ads forever (PDF Reader - PDF Viewer For Android Free),com.pdfreader.pdfeditor.pdfreadeforandroid.pdfeditorforandroidfree,inapp,removeads,RUB,190.83,38.17,229.00,Котлас,Архангельская область,164300,RU
GPA.3302-6354-6399-65727,2021-03-25,1616674288,Charged,HWMAR,removeads (Pro Compass - Free Compass - Easy Compass),com.compass.compassapp.compassfree,inapp,removeads,GBP,2.24,0.45,2.69,,,,GB
GPA.3342-1257-9726-55281,2021-03-25,1616675157,Charged,E6833,remove ads sale (Scanner App - PDF Scanner Apps For Free),com.scannerapp.pdfscanner.documentscaner.docscannerappforandroid,inapp,removeadsale,EUR,2.09,0.40,2.49,,,,DE
GPA.3391-2058-6198-42927,2021-03-25,1616676899,Charged,beyond1,remove ads sale (Scanner App - PDF Scanner Apps For Free),com.scannerapp.pdfscanner.documentscaner.docscannerappforandroid,inapp,removeadsale,GBP,1.83,0.36,2.19,,,,GB
GPA.3392-9357-3718-59980,2021-03-25,1616695390,Charged,HWMAR,remove ads sale (Scanner App - PDF Scanner Apps For Free),com.scannerapp.pdfscanner.documentscaner.docscannerappforandroid,inapp,removeadsale,CAD,3.19,0.03,3.22,Calgary,AB,T2A 6N3,CA
GPA.3362-6170-0152-01631,2021-03-25,1616697007,Charged,HWELE,remove ads sale (Scanner App - PDF Scanner Apps For Free),com.scannerapp.pdfscanner.documentscaner.docscannerappforandroid,inapp,removeadsale,PYG,"20,000.00",0.00,"20,000.00",Fernando De La Mora,,,PY
GPA.3397-9213-2956-41615,2021-03-25,1616715464,Charged,star2lte,"Remove all Ads forever (Currency exchange, Rate exchange & Money exchange)",currency.currencyconverter.currencyexchangeapp,inapp,iapremoveads,THB,90.00,0.00,90.00,สวี,ชุมพร,86130,TH
GPA.3303-7102-6815-86538,2021-03-26,1616730937,Charged,on7xelte,removeads (Pro Compass - Free Compass - Easy Compass),com.compass.compassapp.compassfree,inapp,removeads,VND,"69,000.00",0.00,"69,000.00",Hà Nội,,,VN
GPA.3353-1923-8589-09473,2021-03-26,1616743486,Charged,z3s,"Remove all Ads forever (Currency exchange, Rate exchange & Money exchange)",currency.currencyconverter.currencyexchangeapp,inapp,iapremoveads,THB,90.00,0.00,90.00,เมือง,พิษณุโลก,65000,TH
GPA.3377-6707-7528-51717,2021-03-26,1616755725,Charged,beyond2,remove ads sale (Scanner App - PDF Scanner Apps For Free),com.scannerapp.pdfscanner.documentscaner.docscannerappforandroid,inapp,removeadsale,SAR,9.56,1.43,10.99,RIYADH,,11324,SA
GPA.3327-5025-9177-41202,2021-03-26,1616759061,Charged,fiji,Remove all ads (PDF Converter: Photo To PDF - PDF Maker),com.pdfconverter.imagetopdf.jpgtopdf.pdfconverterforandroid,inapp,removeads,USD,2.99,0.00,2.99,Olavarría,Buenos Aires,B7400,AR
GPA.3319-7551-8291-49026,2021-03-26,1616765309,Charged,Z7750R,removeads (Pro Compass - Free Compass - Easy Compass),com.compass.compassapp.compassfree,inapp,removeads,JPY,310.00,0.00,310.00,,,2701359,JP
GPA.3326-8289-3821-92074,2021-03-26,1616766487,Charged,a50,remove ads sale (Scanner App - PDF Scanner Apps For Free),com.scannerapp.pdfscanner.documentscaner.docscannerappforandroid,inapp,removeadsale,EUR,2.09,0.40,2.49,,,,DE
GPA.3388-1534-7676-55095,2021-03-26,1616768418,Charged,a30s,remove ads sale (Scanner App - PDF Scanner Apps For Free),com.scannerapp.pdfscanner.documentscaner.docscannerappforandroid,inapp,removeadsale,BRL,13.99,0.00,13.99,Olinda,PE,53070530,BR
GPA.3304-3467-3935-97136,2021-03-26,1616770583,Charged,HWJKM-H,Remove all ads (PDF Converter: Photo To PDF - PDF Maker),com.pdfconverter.imagetopdf.jpgtopdf.pdfconverterforandroid,inapp,removeads,PEN,10.99,0.00,10.99,Moquegua,MOQUEGUA,18001,PE
GPA.3369-6839-3384-03226,2021-03-26,1616787828,Charged,j7y17lte,Remove all ads (PDF Converter: Photo To PDF - PDF Maker),com.pdfconverter.imagetopdf.jpgtopdf.pdfconverterforandroid,inapp,removeads,BRL,16.99,0.00,16.99,São Paulo,SP,04966100,BR
GPA.3341-6904-1541-27407,2021-03-26,1616789263,Charged,d2s,Remove all ads (PDF Converter: Photo To PDF - PDF Maker),com.pdfconverter.imagetopdf.jpgtopdf.pdfconverterforandroid,inapp,removeads,BRL,16.99,0.00,16.99,Fortaleza,CE,60320000,BR
GPA.3363-3362-7718-79699,2021-03-26,1616792042,Charged,HWYAL,remove ads sale (Scanner App - PDF Scanner Apps For Free),com.scannerapp.pdfscanner.documentscaner.docscannerappforandroid,inapp,removeadsale,CZK,53.71,11.28,64.99,,,,CZ
GPA.3342-3086-8145-40991,2021-03-26,1616795016,Charged,ginkgo,Remove all ads (PDF Converter: Photo To PDF - PDF Maker),com.pdfconverter.imagetopdf.jpgtopdf.pdfconverterforandroid,inapp,removeads,PEN,10.99,0.00,10.99,Moquegua,MOQUEGUA,,PE
GPA.3357-5143-9249-06228,2021-03-26,1616796053,Charged,a50,remove all ads forever (PDF Reader - PDF Viewer For Android Free),com.pdfreader.pdfeditor.pdfreadeforandroid.pdfeditorforandroidfree,inapp,removeads,MXN,49.00,0.00,49.00,,,54120,MX
GPA.3343-8847-4385-15058,2021-03-26,1616796149,Charged,zangya_sprout,removeads (Pro Compass - Free Compass - Easy Compass),com.compass.compassapp.compassfree,inapp,removeads,USD,2.99,0.00,2.99,Luanda,,,AO
GPA.3364-1069-8451-17518,2021-03-26,1616800734,Charged,WJG,Remove all ads (PDF Converter: Photo To PDF - PDF Maker),com.pdfconverter.imagetopdf.jpgtopdf.pdfconverterforandroid,inapp,removeads,JPY,320.00,0.00,320.00,,,356-0004,JP
GPA.3329-3016-6070-28112,2021-03-27,1616804546,Charged,borneo,removeads (Pro Compass - Free Compass - Easy Compass),com.compass.compassapp.compassfree,inapp,removeads,USD,2.99,0.00,2.99,ARLINGTON,VA,22204,US
GPA.3387-2943-1630-65728,2021-03-27,1616812371,Charged,CPH1803,"Remove all Ads forever (Currency exchange, Rate exchange & Money exchange)",currency.currencyconverter.currencyexchangeapp,inapp,iapremoveads,THB,90.00,0.00,90.00,,,10230,TH
GPA.3331-4883-1439-74981,2021-03-27,1616816728,Charged,a21s,removeads (Pro Compass - Free Compass - Easy Compass),com.compass.compassapp.compassfree,inapp,removeads,EUR,2.51,0.48,2.99,,,,DE
GPA.3391-1832-2755-03240,2021-03-27,1616820742,Charged,t2s,removeads (Pro Compass - Free Compass - Easy Compass),com.compass.compassapp.compassfree,inapp,removeads,AUD,3.90,0.39,4.29,,,4605,AU
GPA.3392-8407-4976-96989,2021-03-27,1616837054,Charged,SCG06,removeads (Pro Compass - Free Compass - Easy Compass),com.compass.compassapp.compassfree,inapp,removeads,JPY,310.00,0.00,310.00,蕨市錦町,埼玉県,335-0005,JP
GPA.3300-6378-5847-86748,2021-03-27,1616840788,Charged,SO-03L,Remove all ads (PDF Converter: Photo To PDF - PDF Maker),com.pdfconverter.imagetopdf.jpgtopdf.pdfconverterforandroid,inapp,removeads,JPY,320.00,0.00,320.00,,,5941162,JP
GPA.3332-7708-9713-85244,2021-03-27,1616842611,Charged,HWMRD-M1,removeads (Pro Compass - Free Compass - Easy Compass),com.compass.compassapp.compassfree,inapp,removeads,GBP,2.24,0.45,2.69,,,,GB
GPA.3337-1722-3820-89790,2021-03-27,1616842851,Charged,j5xnlte,removeads (Pro Compass - Free Compass - Easy Compass),com.compass.compassapp.compassfree,inapp,removeads,EUR,2.47,0.52,2.99,,,,BE
GPA.3303-7191-4337-14199,2021-03-27,1616847429,Charged,a20e,remove ads sale (Scanner App - PDF Scanner Apps For Free),com.scannerapp.pdfscanner.documentscaner.docscannerappforandroid,inapp,removeadsale,EUR,2.16,0.43,2.59,,,,FR
GPA.3345-4640-1877-78599,2021-03-27,1616855274,Charged,1933,"Remove all Ads forever (Currency exchange, Rate exchange & Money exchange)",currency.currencyconverter.currencyexchangeapp,inapp,iapremoveads,MYR,12.25,0.74,12.99,,,06100,MY
GPA.3383-0042-8958-75305,2021-03-27,1616868676,Charged,blackjack,removeads (Pro Compass - Free Compass - Easy Compass),com.compass.compassapp.compassfree,inapp,removeads,BRL,15.99,0.00,15.99,Paracatu,MG,38605080,BR
GPA.3311-8324-1592-53306,2021-03-27,1616871691,Charged,Note_9P,remove all ads forever (PDF Reader - PDF Viewer For Android Free),com.pdfreader.pdfeditor.pdfreadeforandroid.pdfeditorforandroidfree,inapp,removeads,EUR,2.12,0.47,2.59,,,,IT
GPA.3323-5064-5200-66285,2021-03-27,1616872928,Charged,HWKSA-M,removeads (Pro Compass - Free Compass - Easy Compass),com.compass.compassapp.compassfree,inapp,removeads,EUR,2.51,0.48,2.99,,,,DE
GPA.3347-8141-4526-61298,2021-03-27,1616873313,Charged,HWCLT,remove all ads forever (PDF Reader - PDF Viewer For Android Free),com.pdfreader.pdfeditor.pdfreadeforandroid.pdfeditorforandroidfree,inapp,removeads,CHF,2.30,0.00,2.30,Uster,,8610,CH
GPA.3343-6025-4870-38690,2021-03-27,1616878309,Charged,a12,removeads (Pro Compass - Free Compass - Easy Compass),com.compass.compassapp.compassfree,inapp,removeads,EUR,2.49,0.50,2.99,,,,FR
GPA.3373-5893-7981-94161,2021-03-27,1616882351,Charged,a21s,remove ads sale (Scanner App - PDF Scanner Apps For Free),com.scannerapp.pdfscanner.documentscaner.docscannerappforandroid,inapp,removeadsale,CZK,53.71,11.28,64.99,,,,CZ
GPA.3321-9876-7571-80382,2021-03-28,1616895011,Charged,a5y17lte,"Remove all Ads forever (Currency exchange, Rate exchange & Money exchange)",currency.currencyconverter.currencyexchangeapp,inapp,iapremoveads,USD,2.99,0.00,2.99,Port Louis,,,MU
GPA.3356-7448-8514-21908,2021-03-28,1616900726,Charged,star2lte,removeads (Pro Compass - Free Compass - Easy Compass),com.compass.compassapp.compassfree,inapp,removeads,THB,90.00,0.00,90.00,bangkok,กรุงเทพมหานคร,10240,TH
GPA.3379-0381-1840-13187,2021-03-28,1616903283,Charged,gta3xl,removeads (Pro Compass - Free Compass - Easy Compass),com.compass.compassapp.compassfree,inapp,removeads,KRW,"3,364.00",336.00,"3,700.00",,,54044,KR
GPA.3394-1408-9891-25418,2021-03-28,1616905273,Charged,a20e,removeads (Pro Compass - Free Compass - Easy Compass),com.compass.compassapp.compassfree,inapp,removeads,EUR,2.51,0.48,2.99,,,,DE
GPA.3382-8337-1306-46331,2021-03-28,1616922431,Charged,crosshatch,removeads (Pro Compass - Free Compass - Easy Compass),com.compass.compassapp.compassfree,inapp,removeads,GBP,2.24,0.45,2.69,,,,GB
GPA.3308-3996-9426-24256,2021-03-28,1616924378,Charged,a40,remove ads sale (Scanner App - PDF Scanner Apps For Free),com.scannerapp.pdfscanner.documentscaner.docscannerappforandroid,inapp,removeadsale,EUR,2.09,0.40,2.49,,,,DE
GPA.3397-7400-1631-70710,2021-03-28,1616938043,Charged,a51,removeads (Pro Compass - Free Compass - Easy Compass),com.compass.compassapp.compassfree,inapp,removeads,EUR,2.51,0.48,2.99,,,,DE
GPA.3300-9778-7223-48690,2021-03-28,1616954819,Charged,beryllium,remove ads sale (Scanner App - PDF Scanner Apps For Free),com.scannerapp.pdfscanner.documentscaner.docscannerappforandroid,inapp,removeadsale,CLP,"1,849.00",351.00,"2,200.00",,,8220496,CL
GPA.3397-2737-5344-81770,2021-03-28,1616959981,Charged,U3A_PLUS_4G,removeads (Pro Compass - Free Compass - Easy Compass),com.compass.compassapp.compassfree,inapp,removeads,GBP,2.24,0.45,2.69,,,,GB
GPA.3330-7677-5433-80167,2021-03-29,1617009628,Charged,a21s,removeads (Pro Compass - Free Compass - Easy Compass),com.compass.compassapp.compassfree,inapp,removeads,THB,90.00,0.00,90.00,ไทย,กรุงเทพมหานคร,10120,TH
GPA.3350-1301-5394-56568,2021-03-29,1617010914,Charged,herolte,remove ads sale (Scanner App - PDF Scanner Apps For Free),com.scannerapp.pdfscanner.documentscaner.docscannerappforandroid,inapp,removeadsale,GBP,1.83,0.36,2.19,,,,GB
GPA.3315-0372-0453-54937,2021-03-29,1617011588,Charged,apollo,remove ads sale (Scanner App - PDF Scanner Apps For Free),com.scannerapp.pdfscanner.documentscaner.docscannerappforandroid,inapp,removeadsale,INR,186.44,33.56,220.00,Shadnagar,Telangana,509216,IN
GPA.3373-7731-3150-13337,2021-03-29,1617012988,Charged,NAX,Remove all ads (PDF Converter: Photo To PDF - PDF Maker),com.pdfconverter.imagetopdf.jpgtopdf.pdfconverterforandroid,inapp,removeads,JPY,320.00,0.00,320.00,,,7300843,JP
GPA.3324-1404-3961-71472,2021-03-29,1617020828,Charged,tucana,remove all ads forever (PDF Reader - PDF Viewer For Android Free),com.pdfreader.pdfeditor.pdfreadeforandroid.pdfeditorforandroidfree,inapp,removeads,CLP,"1,933.00",367.00,"2,300.00",,,7750000,CL
GPA.3304-3467-3935-97136,2021-03-29,1617030384,Refund,HWJKM-H,Remove all ads (PDF Converter: Photo To PDF - PDF Maker),com.pdfconverter.imagetopdf.jpgtopdf.pdfconverterforandroid,inapp,removeads,PEN,10.99,0.00,-10.99,Moquegua,MOQUEGUA,18001,PE
GPA.3320-2305-5870-35525,2021-03-29,1617041192,Charged,a10,removeads (Pro Compass - Free Compass - Easy Compass),com.compass.compassapp.compassfree,inapp,removeads,GBP,2.24,0.45,2.69,,,,GB
GPA.3341-8698-9430-52103,2021-03-29,1617045255,Charged,tucana,remove ads sale (Scanner App - PDF Scanner Apps For Free),com.scannerapp.pdfscanner.documentscaner.docscannerappforandroid,inapp,removeadsale,EUR,2.14,0.45,2.59,,,,ES
GPA.3303-6004-0554-67733,2021-03-30,1617068369,Charged,HWJSN-H,remove ads sale (Scanner App - PDF Scanner Apps For Free),com.scannerapp.pdfscanner.documentscaner.docscannerappforandroid,inapp,removeadsale,MYR,10.37,0.62,10.99,,,89058,MY
GPA.3377-9520-6106-66098,2021-03-30,1617070266,Charged,j7y17lte,removeads (Pro Compass - Free Compass - Easy Compass),com.compass.compassapp.compassfree,inapp,removeads,THB,90.00,0.00,90.00,,,,TH
GPA.3358-5952-9533-52359,2021-03-30,1617071503,Charged,c2q,Remove all ads (PDF Converter: Photo To PDF - PDF Maker),com.pdfconverter.imagetopdf.jpgtopdf.pdfconverterforandroid,inapp,removeads,USD,2.99,0.00,2.99,BAKERSFIELD,CA,93309,US
GPA.3372-9370-2004-81432,2021-03-30,1617074861,Charged,lavender,remove ads sale (Scanner App - PDF Scanner Apps For Free),com.scannerapp.pdfscanner.documentscaner.docscannerappforandroid,inapp,removeadsale,BRL,13.99,0.00,13.99,Água Branca,PB,58200000,BR
GPA.3358-5952-9533-52359,2021-03-30,1617075015,Refund,c2q,Remove all ads (PDF Converter: Photo To PDF - PDF Maker),com.pdfconverter.imagetopdf.jpgtopdf.pdfconverterforandroid,inapp,removeads,USD,2.99,0.00,-2.99,BAKERSFIELD,CA,93309,US
GPA.3304-1634-2376-26696,2021-03-30,1617085901,Charged,aljeter_n,remove all ads forever (PDF Reader - PDF Viewer For Android Free),com.pdfreader.pdfeditor.pdfreadeforandroid.pdfeditorforandroidfree,inapp,removeads,EUR,2.01,0.38,2.39,,,,DE
GPA.3372-9391-9431-99775,2021-03-30,1617092538,Charged,j3y17lte,remove ads sale (Scanner App - PDF Scanner Apps For Free),com.scannerapp.pdfscanner.documentscaner.docscannerappforandroid,inapp,removeadsale,IDR,"36,000.00","3,600.00","39,600.00",,,,ID
GPA.3339-7000-2477-11333,2021-03-30,1617094822,Charged,d2s,removeads (Pro Compass - Free Compass - Easy Compass),com.compass.compassapp.compassfree,inapp,removeads,VND,"69,000.00",0.00,"69,000.00",,,,VN
GPA.3329-8450-8963-30298,2021-03-30,1617095733,Charged,SC-03L,Remove all ads (PDF Converter: Photo To PDF - PDF Maker),com.pdfconverter.imagetopdf.jpgtopdf.pdfconverterforandroid,inapp,removeads,JPY,320.00,0.00,320.00,,,2100852,JP
GPA.3318-6314-7190-45843,2021-03-30,1617100633,Charged,wisdomwifi,remove ads sale (Scanner App - PDF Scanner Apps For Free),com.scannerapp.pdfscanner.documentscaner.docscannerappforandroid,inapp,removeadsale,HKD,19.90,0.00,19.90,鰂魚涌,香港島,,HK
GPA.3373-0898-5508-03518,2021-03-30,1617106599,Charged,HWMRD-M1,remove all ads forever (PDF Reader - PDF Viewer For Android Free),com.pdfreader.pdfeditor.pdfreadeforandroid.pdfeditorforandroidfree,inapp,removeads,CLP,"1,933.00",367.00,"2,300.00",,,,CL
GPA.3374-3342-4064-12491,2021-03-30,1617111718,Charged,odessa,remove ads sale (Scanner App - PDF Scanner Apps For Free),com.scannerapp.pdfscanner.documentscaner.docscannerappforandroid,inapp,removeadsale,COP,"9,500.00",0.00,"9,500.00",Puerto Tejada,CAUCA,000000,CO
GPA.3319-3114-5263-57920,2021-03-30,1617112488,Charged,HWANE,remove ads sale (Scanner App - PDF Scanner Apps For Free),com.scannerapp.pdfscanner.documentscaner.docscannerappforandroid,inapp,removeadsale,SAR,9.56,1.43,10.99,,,,SA
GPA.3331-5302-8650-62953,2021-03-30,1617112662,Charged,d2x,remove ads sale (Scanner App - PDF Scanner Apps For Free),com.scannerapp.pdfscanner.documentscaner.docscannerappforandroid,inapp,removeadsale,EUR,2.16,0.43,2.59,,,,FR
GPA.3305-9925-4621-57935,2021-03-30,1617115427,Charged,a20s,remove all ads forever (PDF Reader - PDF Viewer For Android Free),com.pdfreader.pdfeditor.pdfreadeforandroid.pdfeditorforandroidfree,inapp,removeads,CLP,"1,933.00",367.00,"2,300.00",,,,CL
GPA.3315-9236-2319-99865,2021-03-30,1617115999,Charged,d2x,removeads (Pro Compass - Free Compass - Easy Compass),com.compass.compassapp.compassfree,inapp,removeads,GBP,2.24,0.45,2.69,,,,GB
GPA.3391-5021-9604-17427,2021-03-30,1617117279,Charged,G0410WW,remove ads sale (Scanner App - PDF Scanner Apps For Free),com.scannerapp.pdfscanner.documentscaner.docscannerappforandroid,inapp,removeadsale,CAD,3.19,0.32,3.51,Maniwaki,QC,J9E1L9,CA
GPA.3389-9140-5544-13164,2021-03-30,1617118458,Charged,merlin,remove ads sale (Scanner App - PDF Scanner Apps For Free),com.scannerapp.pdfscanner.documentscaner.docscannerappforandroid,inapp,removeadsale,CLP,"1,849.00",351.00,"2,200.00",Quinta Normal,REGIÓN METROPOLITANA,,CL
GPA.3388-5016-4302-14284,2021-03-30,1617126176,Charged,j4primelte,removeads (Pro Compass - Free Compass - Easy Compass),com.compass.compassapp.compassfree,inapp,removeads,GBP,2.24,0.45,2.69,,,,GB
GPA.3390-6409-0492-49919,2021-03-30,1617129585,Charged,HWVOG,remove ads sale (Scanner App - PDF Scanner Apps For Free),com.scannerapp.pdfscanner.documentscaner.docscannerappforandroid,inapp,removeadsale,EUR,2.16,0.43,2.59,,,,AT
GPA.3302-0846-8417-96958,2021-03-30,1617136433,Charged,j4primelte,removeads (Pro Compass - Free Compass - Easy Compass),com.compass.compassapp.compassfree,inapp,removeads,EUR,2.51,0.48,2.99,,,,DE
GPA.3316-6285-0165-25963,2021-03-30,1617137233,Charged,crownqltechn,remove ads sale (Scanner App - PDF Scanner Apps For Free),com.scannerapp.pdfscanner.documentscaner.docscannerappforandroid,inapp,removeadsale,BRL,13.99,0.00,13.99,São Paulo,SP,01316000,BR
GPA.3351-8360-9443-74801,2021-03-30,1617137633,Charged,p3q,remove all ads forever (PDF Reader - PDF Viewer For Android Free),com.pdfreader.pdfeditor.pdfreadeforandroid.pdfeditorforandroidfree,inapp,removeads,USD,2.49,0.00,2.49,Myrtle Beach,SC,29579,US
GPA.3301-7053-6046-58650,2021-03-30,1617137723,Charged,a71xq,removeads (Pro Compass - Free Compass - Easy Compass),com.compass.compassapp.compassfree,inapp,removeads,USD,2.99,0.00,2.99,VENTURA,CA,93001,US
GPA.3394-4112-4917-81716,2021-03-31,1617158179,Charged,d2s,remove all ads forever (PDF Reader - PDF Viewer For Android Free),com.pdfreader.pdfeditor.pdfreadeforandroid.pdfeditorforandroidfree,inapp,removeads,USD,2.49,0.00,2.49,Manah,,282,OM
GPA.3311-2966-5239-61213,2021-03-31,1617158895,Charged,taimen,remove ads sale (Scanner App - PDF Scanner Apps For Free),com.scannerapp.pdfscanner.documentscaner.docscannerappforandroid,inapp,removeadsale,KRW,"2,909.00",291.00,"3,200.00",안산시,경기도,15358,KR
GPA.3397-8639-2435-36328,2021-03-31,1617175169,Charged,a71,removeads (Pro Compass - Free Compass - Easy Compass),com.compass.compassapp.compassfree,inapp,removeads,EUR,2.47,0.52,2.99,,,,BE
GPA.3368-0074-6575-27926,2021-03-31,1617184003,Charged,HWMAR,remove all ads forever (PDF Reader - PDF Viewer For Android Free),com.pdfreader.pdfeditor.pdfreadeforandroid.pdfeditorforandroidfree,inapp,removeads,MXN,49.00,0.00,49.00,,,06996,MX
GPA.3380-0544-5741-37619,2021-03-31,1617202458,Charged,a31,remove ads sale (Scanner App - PDF Scanner Apps For Free),com.scannerapp.pdfscanner.documentscaner.docscannerappforandroid,inapp,removeadsale,BRL,13.99,0.00,13.99,Arapongas,PR,86707305,BR
GPA.3335-8727-4952-99649,2021-03-31,1617218305,Charged,o1s,remove all ads forever (PDF Reader - PDF Viewer For Android Free),com.pdfreader.pdfeditor.pdfreadeforandroid.pdfeditorforandroidfree,inapp,removeads,EUR,2.01,0.38,2.39,,,,DE
